id,userName,email,password,role
1,lrathbone0,mizkovici0@github.io,$2a$10$71IM5uVMR5KE1skbUySVM.6ONjZ9wj1Rxq08FNRQjXiJSykqR445O,USER
2,cbaison1,hfinlay1@etsy.com,$2a$10$71IM5uVMR5KE1skbUySVM.6ONjZ9wj1Rxq08FNRQjXiJSykqR445O,USER
3,epaulet2,fchatt2@fda.gov,$2a$10$71IM5uVMR5KE1skbUySVM.6ONjZ9wj1Rxq08FNRQjXiJSykqR445O,USER
4,aannear3,rtickel3@reverbnation.com,$2a$10$71IM5uVMR5KE1skbUySVM.6ONjZ9wj1Rxq08FNRQjXiJSykqR445O,USER
5,xgalego4,mdohmann4@un.org,$2a$10$71IM5uVMR5KE1skbUySVM.6ONjZ9wj1Rxq08FNRQjXiJSykqR445O,USER
6,ksudron5,gkubecka5@springer.com,$2a$10$71IM5uVMR5KE1skbUySVM.6ONjZ9wj1Rxq08FNRQjXiJSykqR445O,USER
7,tleisman6,atant6@etsy.com,$2a$10$71IM5uVMR5KE1skbUySVM.6ONjZ9wj1Rxq08FNRQjXiJSykqR445O,USER
8,imccandie7,tbrugmann7@php.net,$2a$10$71IM5uVMR5KE1skbUySVM.6ONjZ9wj1Rxq08FNRQjXiJSykqR445O,USER
9,pfauguel8,mwybrew8@infoseek.co.jp,$2a$10$71IM5uVMR5KE1skbUySVM.6ONjZ9wj1Rxq08FNRQjXiJSykqR445O,USER
10,bdurnian9,pwiggins9@house.gov,$2a$10$71IM5uVMR5KE1skbUySVM.6ONjZ9wj1Rxq08FNRQjXiJSykqR445O,USER
11,rsorsbya,estentiforda@columbia.edu,$2a$10$71IM5uVMR5KE1skbUySVM.6ONjZ9wj1Rxq08FNRQjXiJSykqR445O,USER
12,aeilhermannb,ljanczakb@plala.or.jp,$2a$10$71IM5uVMR5KE1skbUySVM.6ONjZ9wj1Rxq08FNRQjXiJSykqR445O,USER
13,aflegc,clegisterc@mit.edu,$2a$10$71IM5uVMR5KE1skbUySVM.6ONjZ9wj1Rxq08FNRQjXiJSykqR445O,USER
14,bmurtyd,aricardd@cnbc.com,$2a$10$71IM5uVMR5KE1skbUySVM.6ONjZ9wj1Rxq08FNRQjXiJSykqR445O,USER
15,elealee,jthomazine@twitter.com,$2a$10$71IM5uVMR5KE1skbUySVM.6ONjZ9wj1Rxq08FNRQjXiJSykqR445O,USER
16,dmasserelf,hurwenf@zdnet.com,$2a$10$71IM5uVMR5KE1skbUySVM.6ONjZ9wj1Rxq08FNRQjXiJSykqR445O,USER
17,kmacsweeng,khuygensg@google.it,$2a$10$71IM5uVMR5KE1skbUySVM.6ONjZ9wj1Rxq08FNRQjXiJSykqR445O,USER
18,bjentleh,vbedenhamh@mozilla.org,$2a$10$71IM5uVMR5KE1skbUySVM.6ONjZ9wj1Rxq08FNRQjXiJSykqR445O,USER
19,hskalai,khullesi@apache.org,$2a$10$71IM5uVMR5KE1skbUySVM.6ONjZ9wj1Rxq08FNRQjXiJSykqR445O,USER
20,rbecerraj,kchesej@imgur.com,$2a$10$71IM5uVMR5KE1skbUySVM.6ONjZ9wj1Rxq08FNRQjXiJSykqR445O,USER
21,hgogginsk,ajewsonk@apple.com,$2a$10$71IM5uVMR5KE1skbUySVM.6ONjZ9wj1Rxq08FNRQjXiJSykqR445O,USER
22,rfouracresl,blippiettl@imgur.com,$2a$10$71IM5uVMR5KE1skbUySVM.6ONjZ9wj1Rxq08FNRQjXiJSykqR445O,USER
23,mnewlynm,dmacfaulm@mit.edu,$2a$10$71IM5uVMR5KE1skbUySVM.6ONjZ9wj1Rxq08FNRQjXiJSykqR445O,USER
24,ntrenamann,maryn@xrea.com,$2a$10$71IM5uVMR5KE1skbUySVM.6ONjZ9wj1Rxq08FNRQjXiJSykqR445O,USER
25,astaddarto,kfehnerso@auda.org.au,$2a$10$71IM5uVMR5KE1skbUySVM.6ONjZ9wj1Rxq08FNRQjXiJSykqR445O,USER
26,bstallardp,lmccrackemp@google.com.hk,$2a$10$71IM5uVMR5KE1skbUySVM.6ONjZ9wj1Rxq08FNRQjXiJSykqR445O,USER
27,wmcgovernq,bveryardq@cyberchimps.com,$2a$10$71IM5uVMR5KE1skbUySVM.6ONjZ9wj1Rxq08FNRQjXiJSykqR445O,USER
28,dchritchleyr,asaxelbyr@wunderground.com,$2a$10$71IM5uVMR5KE1skbUySVM.6ONjZ9wj1Rxq08FNRQjXiJSykqR445O,USER
29,acocklands,scleatons@noaa.gov,$2a$10$71IM5uVMR5KE1skbUySVM.6ONjZ9wj1Rxq08FNRQjXiJSykqR445O,USER
30,mchatwoodt,kbrickseyt@pcworld.com,$2a$10$71IM5uVMR5KE1skbUySVM.6ONjZ9wj1Rxq08FNRQjXiJSykqR445O,USER
31,rjensenu,owaistellu@indiegogo.com,$2a$10$71IM5uVMR5KE1skbUySVM.6ONjZ9wj1Rxq08FNRQjXiJSykqR445O,USER
32,iparradicev,mluciov@yahoo.com,$2a$10$71IM5uVMR5KE1skbUySVM.6ONjZ9wj1Rxq08FNRQjXiJSykqR445O,USER
33,schinnw,fkennionw@nationalgeographic.com,$2a$10$71IM5uVMR5KE1skbUySVM.6ONjZ9wj1Rxq08FNRQjXiJSykqR445O,USER
34,dmarchingtonx,rfolkardx@sohu.com,$2a$10$71IM5uVMR5KE1skbUySVM.6ONjZ9wj1Rxq08FNRQjXiJSykqR445O,USER
35,bgrisedaley,jaustony@last.fm,$2a$10$71IM5uVMR5KE1skbUySVM.6ONjZ9wj1Rxq08FNRQjXiJSykqR445O,USER
36,smaccaheyz,ctruslerz@abc.net.au,$2a$10$71IM5uVMR5KE1skbUySVM.6ONjZ9wj1Rxq08FNRQjXiJSykqR445O,USER
37,rpittel10,cwildey10@twitter.com,$2a$10$71IM5uVMR5KE1skbUySVM.6ONjZ9wj1Rxq08FNRQjXiJSykqR445O,USER
38,cmacpeake11,mbellas11@google.de,$2a$10$71IM5uVMR5KE1skbUySVM.6ONjZ9wj1Rxq08FNRQjXiJSykqR445O,USER
39,calvey12,aabade12@seesaa.net,$2a$10$71IM5uVMR5KE1skbUySVM.6ONjZ9wj1Rxq08FNRQjXiJSykqR445O,USER
40,tokelly13,lpeggrem13@google.com.hk,$2a$10$71IM5uVMR5KE1skbUySVM.6ONjZ9wj1Rxq08FNRQjXiJSykqR445O,USER
41,jdoiley14,ebrockie14@bravesites.com,$2a$10$71IM5uVMR5KE1skbUySVM.6ONjZ9wj1Rxq08FNRQjXiJSykqR445O,USER
42,jfurzey15,gskillett15@nasa.gov,$2a$10$71IM5uVMR5KE1skbUySVM.6ONjZ9wj1Rxq08FNRQjXiJSykqR445O,USER
43,sacreman16,slester16@ftc.gov,$2a$10$71IM5uVMR5KE1skbUySVM.6ONjZ9wj1Rxq08FNRQjXiJSykqR445O,USER
44,hpoyntz17,hantonsson17@hexun.com,$2a$10$71IM5uVMR5KE1skbUySVM.6ONjZ9wj1Rxq08FNRQjXiJSykqR445O,USER
45,tbonhill18,svasishchev18@123-reg.co.uk,$2a$10$71IM5uVMR5KE1skbUySVM.6ONjZ9wj1Rxq08FNRQjXiJSykqR445O,USER
46,ayanukhin19,mtankus19@chronoengine.com,$2a$10$71IM5uVMR5KE1skbUySVM.6ONjZ9wj1Rxq08FNRQjXiJSykqR445O,USER
47,lserridge1a,jsalt1a@ameblo.jp,$2a$10$71IM5uVMR5KE1skbUySVM.6ONjZ9wj1Rxq08FNRQjXiJSykqR445O,USER
48,bbrislane1b,jspadeck1b@bbb.org,$2a$10$71IM5uVMR5KE1skbUySVM.6ONjZ9wj1Rxq08FNRQjXiJSykqR445O,USER
49,kreeme1c,oleckie1c@delicious.com,$2a$10$71IM5uVMR5KE1skbUySVM.6ONjZ9wj1Rxq08FNRQjXiJSykqR445O,USER
50,lcolvin1d,eharcus1d@biglobe.ne.jp,$2a$10$71IM5uVMR5KE1skbUySVM.6ONjZ9wj1Rxq08FNRQjXiJSykqR445O,USER
51,rceeley1e,tolivi1e@example.com,$2a$10$71IM5uVMR5KE1skbUySVM.6ONjZ9wj1Rxq08FNRQjXiJSykqR445O,USER
52,dyankin1f,lyeoman1f@cloudflare.com,$2a$10$71IM5uVMR5KE1skbUySVM.6ONjZ9wj1Rxq08FNRQjXiJSykqR445O,USER
53,hphillip1g,taxworthy1g@squarespace.com,$2a$10$71IM5uVMR5KE1skbUySVM.6ONjZ9wj1Rxq08FNRQjXiJSykqR445O,USER
54,rpettipher1h,smcgrath1h@networkadvertising.org,$2a$10$71IM5uVMR5KE1skbUySVM.6ONjZ9wj1Rxq08FNRQjXiJSykqR445O,USER
55,fsheavills1i,ccusick1i@mail.ru,$2a$10$71IM5uVMR5KE1skbUySVM.6ONjZ9wj1Rxq08FNRQjXiJSykqR445O,USER
56,eloney1j,aairth1j@1688.com,$2a$10$71IM5uVMR5KE1skbUySVM.6ONjZ9wj1Rxq08FNRQjXiJSykqR445O,USER
57,gbailes1k,ppurselowe1k@yolasite.com,$2a$10$71IM5uVMR5KE1skbUySVM.6ONjZ9wj1Rxq08FNRQjXiJSykqR445O,USER
58,rsogg1l,ffigger1l@globo.com,$2a$10$71IM5uVMR5KE1skbUySVM.6ONjZ9wj1Rxq08FNRQjXiJSykqR445O,USER
59,mdollman1m,isedgmond1m@typepad.com,$2a$10$71IM5uVMR5KE1skbUySVM.6ONjZ9wj1Rxq08FNRQjXiJSykqR445O,USER
60,bhould1n,pthacke1n@soundcloud.com,$2a$10$71IM5uVMR5KE1skbUySVM.6ONjZ9wj1Rxq08FNRQjXiJSykqR445O,USER
61,gholt1o,ilittlekit1o@ning.com,$2a$10$71IM5uVMR5KE1skbUySVM.6ONjZ9wj1Rxq08FNRQjXiJSykqR445O,USER
62,barndt1p,ojenney1p@behance.net,$2a$10$71IM5uVMR5KE1skbUySVM.6ONjZ9wj1Rxq08FNRQjXiJSykqR445O,USER
63,tyves1q,kmalcolm1q@meetup.com,$2a$10$71IM5uVMR5KE1skbUySVM.6ONjZ9wj1Rxq08FNRQjXiJSykqR445O,USER
64,cstrutton1r,bwetton1r@slashdot.org,$2a$10$71IM5uVMR5KE1skbUySVM.6ONjZ9wj1Rxq08FNRQjXiJSykqR445O,USER
65,orosewarne1s,lround1s@angelfire.com,$2a$10$71IM5uVMR5KE1skbUySVM.6ONjZ9wj1Rxq08FNRQjXiJSykqR445O,USER
