(id,'title','description','path',"userId),"
(2,'Jetpulse','Fundamental dynamic functionalities','https://picsum.photos/seed/2/800/600',"2),"
(3,'Eayo','User-friendly client-driven capacity','https://picsum.photos/seed/3/800/600',"3),"
(4,'Jetwire','Progressive maximized workforce','https://picsum.photos/seed/4/800/600',"4),"
(5,'Chatterbridge','Upgradable 5th generation productivity','https://picsum.photos/seed/5/800/600',"5),"
(6,'Brainlounge','Distributed directional help-desk','https://picsum.photos/seed/6/800/600',"6),"
(7,'Centimia','Focused client-driven adapter','https://picsum.photos/seed/7/800/600',"7),"
(8,'Riffpath','Multi-layered tertiary access','https://picsum.photos/seed/8/800/600',"8),"
(9,'Edgetag','Inverse leading edge standardization','https://picsum.photos/seed/9/800/600',"9),"
(10,'JumpXS','Future-proofed solution-oriented emulation','https://picsum.photos/seed/10/800/600',"10),"
(11,'Dynava','Quality-focused background database','https://picsum.photos/seed/11/800/600',"11),"
(12,'Brainbox','Quality-focused coherent middleware','https://picsum.photos/seed/12/800/600',"12),"
(13,'Yodel','Intuitive homogeneous software','https://picsum.photos/seed/13/800/600',"13),"
(14,'Topdrive','Adaptive fresh-thinking core','https://picsum.photos/seed/14/800/600',"14),"
(15,'Meembee','Public-key responsive approach','https://picsum.photos/seed/15/800/600',"15),"
(16,'Avaveo','Business-focused responsive local area network','https://picsum.photos/seed/16/800/600',"16),"
(17,'Pixoboo','Object-based incremental strategy','https://picsum.photos/seed/17/800/600',"17),"
(18,'Gabvine','Proactive background strategy','https://picsum.photos/seed/18/800/600',"18),"
(1,'Jatri','Total web-enabled workforce','https://picsum.photos/seed/1/800/600',"1),"
(19,'Babblestorm','Customizable interactive process improvement','https://picsum.photos/seed/19/800/600',"19),"
(20,'Oyoloo','Distributed intangible complexity','https://picsum.photos/seed/20/800/600',"20),"
(21,'Eadel','Organic multimedia extranet','https://picsum.photos/seed/21/800/600',"1),"
(22,'Photobug','Front-line holistic conglomeration','https://picsum.photos/seed/22/800/600',"2),"
(23,'Topicware','Switchable systemic hub','https://picsum.photos/seed/23/800/600',"3),"
(24,'Jabberbean','Integrated tertiary local area network','https://picsum.photos/seed/24/800/600',"4),"
(25,'Jabbersphere','Total methodical artificial intelligence','https://picsum.photos/seed/25/800/600',"5),"
(26,'Yakijo','Reduced dedicated product','https://picsum.photos/seed/26/800/600',"6),"
(27,'Aivee','Managed maximized throughput','https://picsum.photos/seed/27/800/600',"7),"
(28,'Browsecat','Assimilated analyzing internet solution','https://picsum.photos/seed/28/800/600',"8),"
(29,'Einti','Re-contextualized clear-thinking projection','https://picsum.photos/seed/29/800/600',"9),"
(30,'Kare','Managed regional matrix','https://picsum.photos/seed/30/800/600',"10),"
(31,'Centizu','Advanced multi-tasking firmware','https://picsum.photos/seed/31/800/600',"11),"
(32,'Shuffletag','Customer-focused tertiary synergy','https://picsum.photos/seed/32/800/600',"12),"
(33,'Thoughtmix','Cloned analyzing system engine','https://picsum.photos/seed/33/800/600',"13),"
(34,'Skaboo','Realigned multi-tasking data-warehouse','https://picsum.photos/seed/34/800/600',"14),"
(35,'Bluezoom','Intuitive explicit productivity','https://picsum.photos/seed/35/800/600',"15),"
(36,'Skippad','Ameliorated national internet solution','https://picsum.photos/seed/36/800/600',"16),"
(37,'Twitterlist','Balanced radical service-desk','https://picsum.photos/seed/37/800/600',"17),"
(38,'Wikivu','Stand-alone high-level toolset','https://picsum.photos/seed/38/800/600',"18),"
(39,'Edgeblab','Distributed intermediate capacity','https://picsum.photos/seed/39/800/600',"19),"
(40,'Jaxnation','Profound bandwidth-monitored migration','https://picsum.photos/seed/40/800/600',"20),"
(41,'Wikido','Future-proofed actuating analyzer','https://picsum.photos/seed/41/800/600',"1),"
(42,'Oyoyo','Optimized asymmetric capacity','https://picsum.photos/seed/42/800/600',"2),"
(43,'Innojam','Progressive value-added complexity','https://picsum.photos/seed/43/800/600',"3),"
(44,'Viva','Fundamental global neural-net','https://picsum.photos/seed/44/800/600',"4),"
(45,'Ozu','Up-sized well-modulated portal','https://picsum.photos/seed/45/800/600',"5),"
(46,'Oyoloo','Extended 24/7 approach','https://picsum.photos/seed/46/800/600',"6),"
(47,'Feedfish','Cross-platform intangible parallelism','https://picsum.photos/seed/47/800/600',"7),"
(48,'Thoughtsphere','Automated exuding budgetary management','https://picsum.photos/seed/48/800/600',"8),"
(49,'Rooxo','Front-line context-sensitive alliance','https://picsum.photos/seed/49/800/600',"9),"
(50,'Fivebridge','Networked 5th generation info-mediaries','https://picsum.photos/seed/50/800/600',"10),"
(51,'Jaxnation','Optimized tangible hub','https://picsum.photos/seed/51/800/600',"11),"
(52,'Rhynyx','Streamlined object-oriented framework','https://picsum.photos/seed/52/800/600',"12),"
(53,'Midel','Universal radical hub','https://picsum.photos/seed/53/800/600',"13),"
(54,'Blogpad','Synchronised needs-based process improvement','https://picsum.photos/seed/54/800/600',"14),"
(55,'Mynte','Inverse next generation database','https://picsum.photos/seed/55/800/600',"15),"
(56,'Jabberbean','Managed tertiary access','https://picsum.photos/seed/56/800/600',"16),"
(57,'Cogibox','Horizontal maximized knowledge user','https://picsum.photos/seed/57/800/600',"17),"
(58,'Blogtag','Innovative grid-enabled matrix','https://picsum.photos/seed/58/800/600',"18),"
(59,'Gabvine','Secured client-driven productivity','https://picsum.photos/seed/59/800/600',"19),"
(60,'Thoughtblab','Multi-layered context-sensitive support','https://picsum.photos/seed/60/800/600',"20),"
(61,'Skidoo','Vision-oriented 6th generation website','https://picsum.photos/seed/61/800/600',"1),"
(62,'Digitube','Open-architected stable forecast','https://picsum.photos/seed/62/800/600',"2),"
(63,'Skyvu','Team-oriented maximized solution','https://picsum.photos/seed/63/800/600',"3),"
(64,'Twiyo','Devolved asynchronous function','https://picsum.photos/seed/64/800/600',"4),"
(65,'Gabvine','Balanced hybrid hierarchy','https://picsum.photos/seed/65/800/600',"5),"
(66,'Meetz','Synchronised mission-critical system engine','https://picsum.photos/seed/66/800/600',"6),"
(67,'Pixoboo','Secured bottom-line instruction set','https://picsum.photos/seed/67/800/600',"7),"
(68,'Topiclounge','Assimilated non-volatile alliance','https://picsum.photos/seed/68/800/600',"8),"
(69,'Bluezoom','Programmable incremental strategy','https://picsum.photos/seed/69/800/600',"9),"
(70,'Camimbo','Mandatory well-modulated circuit','https://picsum.photos/seed/70/800/600',"10),"
(71,'Myworks','Integrated content-based methodology','https://picsum.photos/seed/71/800/600',"11),"
(72,'Jaxnation','Adaptive non-volatile hub','https://picsum.photos/seed/72/800/600',"12),"
(73,'Tagcat','Open-source client-driven internet solution','https://picsum.photos/seed/73/800/600',"13),"
(74,'Twitterbridge','Managed heuristic ability','https://picsum.photos/seed/74/800/600',"14),"
(75,'Oyoloo','Fundamental 24/7 project','https://picsum.photos/seed/75/800/600',"15),"
(76,'Meejo','Robust grid-enabled secured line','https://picsum.photos/seed/76/800/600',"16),"
(77,'Zoozzy','Stand-alone client-server secured line','https://picsum.photos/seed/77/800/600',"17),"
(78,'Kwilith','Intuitive intermediate focus group','https://picsum.photos/seed/78/800/600',"18),"
(79,'Brainlounge','Total asynchronous framework','https://picsum.photos/seed/79/800/600',"19),"
(80,'Avavee','Reverse-engineered grid-enabled challenge','https://picsum.photos/seed/80/800/600',"20),"
(81,'Trilia','Horizontal value-added capacity','https://picsum.photos/seed/81/800/600',"1),"
(82,'Skiba','Diverse human-resource policy','https://picsum.photos/seed/82/800/600',"2),"
(83,'Topiclounge','Mandatory object-oriented methodology','https://picsum.photos/seed/83/800/600',"3),"
(84,'Agivu','Switchable bandwidth-monitored Graphic Interface','https://picsum.photos/seed/84/800/600',"4),"
(85,'Dabvine','Optional logistical flexibility','https://picsum.photos/seed/85/800/600',"5),"
(86,'Kaymbo','Synergistic clear-thinking hierarchy','https://picsum.photos/seed/86/800/600',"6),"
(87,'Dablist','Ergonomic 6th generation attitude','https://picsum.photos/seed/87/800/600',"7),"
(88,'Jaxnation','Total secondary protocol','https://picsum.photos/seed/88/800/600',"8),"
(89,'Fivespan','Team-oriented human-resource focus group','https://picsum.photos/seed/89/800/600',"9),"
(90,'Vidoo','Automated 24/7 capacity','https://picsum.photos/seed/90/800/600',"10),"
(91,'Fliptune','Proactive mission-critical throughput','https://picsum.photos/seed/91/800/600',"11),"
(92,'Oyoba','Quality-focused motivating infrastructure','https://picsum.photos/seed/92/800/600',"12),"
(93,'Gigaclub','Grass-roots directional capacity','https://picsum.photos/seed/93/800/600',"13),"
(94,'Mita','Mandatory multimedia alliance','https://picsum.photos/seed/94/800/600',"14),"
(95,'Livetube','Cross-group logistical portal','https://picsum.photos/seed/95/800/600',"15),"
(96,'Photobug','Reverse-engineered asymmetric instruction set','https://picsum.photos/seed/96/800/600',"16),"
(97,'Bubblemix','Multi-tiered user-facing software','https://picsum.photos/seed/97/800/600',"17),"
(98,'Yambee','Networked systemic functionalities','https://picsum.photos/seed/98/800/600',"18),"
(99,'Devshare','Re-engineered bandwidth-monitored strategy','https://picsum.photos/seed/99/800/600',"19),"
(100,'Zoomcast','Innovative systemic policy','https://picsum.photos/seed/100/800/600',"20),"
(101,'Photobean','Stand-alone bi-directional project','https://picsum.photos/seed/101/800/600',"1),"
(102,'Dazzlesphere','Quality-focused web-enabled neural-net','https://picsum.photos/seed/102/800/600',"2),"
(103,'Tagfeed','Configurable mobile task-force','https://picsum.photos/seed/103/800/600',"3),"
(104,'Edgeclub','Multi-layered bottom-line paradigm','https://picsum.photos/seed/104/800/600',"4),"
(105,'Devpoint','Monitored secondary toolset','https://picsum.photos/seed/105/800/600',"5),"
(106,'Flipbug','Object-based cohesive capability','https://picsum.photos/seed/106/800/600',"6),"
(107,'Janyx','Assimilated multi-state protocol','https://picsum.photos/seed/107/800/600',"7),"
(108,'Skivee','Decentralized asynchronous implementation','https://picsum.photos/seed/108/800/600',"8),"
(109,'Mycat','Front-line reciprocal implementation','https://picsum.photos/seed/109/800/600',"9),"
(110,'Babbleblab','Public-key systemic task-force','https://picsum.photos/seed/110/800/600',"10),"
(111,'Yacero','Enhanced client-driven flexibility','https://picsum.photos/seed/111/800/600',"11),"
(112,'Yodo','Multi-channelled regional hierarchy','https://picsum.photos/seed/112/800/600',"12),"
(113,'Tagopia','De-engineered non-volatile collaboration','https://picsum.photos/seed/113/800/600',"13),"
(114,'Jamia','Enhanced scalable Graphical User Interface','https://picsum.photos/seed/114/800/600',"14),"
(115,'Abatz','Synergized zero tolerance moderator','https://picsum.photos/seed/115/800/600',"15),"
(116,'Vipe','Synergized explicit firmware','https://picsum.photos/seed/116/800/600',"16),"
(117,'Tagfeed','Proactive 24 hour product','https://picsum.photos/seed/117/800/600',"17),"
(118,'Brainlounge','Synchronised human-resource open architecture','https://picsum.photos/seed/118/800/600',"18),"
(119,'Jabbertype','Stand-alone analyzing definition','https://picsum.photos/seed/119/800/600',"19),"
(120,'Blogspan','Optimized regional protocol','https://picsum.photos/seed/120/800/600',"20),"
(121,'Yombu','Balanced incremental software','https://picsum.photos/seed/121/800/600',"1),"
(122,'Photobean','Devolved upward-trending projection','https://picsum.photos/seed/122/800/600',"2),"
(123,'Realfire','Front-line transitional groupware','https://picsum.photos/seed/123/800/600',"3),"
(124,'Camimbo','Pre-emptive tangible moratorium','https://picsum.photos/seed/124/800/600',"4),"
(125,'Skimia','Open-architected 24/7 function','https://picsum.photos/seed/125/800/600',"5),"
(126,'Voonte','Cloned 6th generation customer loyalty','https://picsum.photos/seed/126/800/600',"6),"
(127,'Latz','Operative object-oriented groupware','https://picsum.photos/seed/127/800/600',"7),"
(128,'Wikivu','Adaptive heuristic time-frame','https://picsum.photos/seed/128/800/600',"8),"
(129,'Teklist','Ameliorated motivating framework','https://picsum.photos/seed/129/800/600',"9),"
(130,'Skyble','Horizontal 3rd generation extranet','https://picsum.photos/seed/130/800/600',"10),"
(131,'Jatri','Intuitive high-level strategy','https://picsum.photos/seed/131/800/600',"11),"
(132,'Flipopia','Robust 4th generation data-warehouse','https://picsum.photos/seed/132/800/600',"12),"
(133,'Yacero','Fully-configurable directional methodology','https://picsum.photos/seed/133/800/600',"13),"
(134,'Kare','Robust background interface','https://picsum.photos/seed/134/800/600',"14),"
(135,'Yadel','Digitized uniform intranet','https://picsum.photos/seed/135/800/600',"15),"
(136,'Yotz','Team-oriented background architecture','https://picsum.photos/seed/136/800/600',"16),"
(137,'Realbridge','Business-focused systemic toolset','https://picsum.photos/seed/137/800/600',"17),"
(138,'Lazzy','Proactive bandwidth-monitored strategy','https://picsum.photos/seed/138/800/600',"18),"
(139,'Rhybox','Automated homogeneous protocol','https://picsum.photos/seed/139/800/600',"19),"
(140,'Rhybox','Object-based fault-tolerant infrastructure','https://picsum.photos/seed/140/800/600',"20),"
(141,'Yadel','User-centric high-level methodology','https://picsum.photos/seed/141/800/600',"1),"
(142,'Npath','Fundamental bi-directional middleware','https://picsum.photos/seed/142/800/600',"2),"
(143,'Topiczoom','De-engineered asynchronous product','https://picsum.photos/seed/143/800/600',"3),"
(144,'Chatterbridge','Organized discrete benchmark','https://picsum.photos/seed/144/800/600',"4),"
(145,'Youfeed','Organic content-based customer loyalty','https://picsum.photos/seed/145/800/600',"5),"
(146,'Aimbu','Down-sized executive encryption','https://picsum.photos/seed/146/800/600',"6),"
(147,'Skivee','Configurable 3rd generation task-force','https://picsum.photos/seed/147/800/600',"7),"
(148,'Wordpedia','Focused hybrid moratorium','https://picsum.photos/seed/148/800/600',"8),"
(149,'Meejo','Grass-roots 6th generation matrices','https://picsum.photos/seed/149/800/600',"9),"
(150,'Edgepulse','Ergonomic mobile parallelism','https://picsum.photos/seed/150/800/600',"10),"
(151,'Brightdog','Fundamental explicit infrastructure','https://picsum.photos/seed/151/800/600',"11),"
(152,'Thoughtstorm','Pre-emptive directional array','https://picsum.photos/seed/152/800/600',"12),"
(153,'Livefish','Team-oriented content-based middleware','https://picsum.photos/seed/153/800/600',"13),"
(154,'Wikido','Distributed neutral workforce','https://picsum.photos/seed/154/800/600',"14),"
(155,'Leenti','Seamless bottom-line concept','https://picsum.photos/seed/155/800/600',"15),"
(156,'Skiptube','Self-enabling zero defect strategy','https://picsum.photos/seed/156/800/600',"16),"
(157,'Mydo','Proactive bi-directional migration','https://picsum.photos/seed/157/800/600',"17),"
(158,'Skyndu','Managed encompassing encryption','https://picsum.photos/seed/158/800/600',"18),"
(159,'Jetpulse','Public-key zero tolerance definition','https://picsum.photos/seed/159/800/600',"19),"
(160,'Thoughtworks','Stand-alone didactic pricing structure','https://picsum.photos/seed/160/800/600',"20),"
(161,'Leenti','Enterprise-wide impactful intranet','https://picsum.photos/seed/161/800/600',"1),"
(162,'Meembee','Visionary real-time hardware','https://picsum.photos/seed/162/800/600',"2),"
(163,'Brainsphere','Optimized grid-enabled groupware','https://picsum.photos/seed/163/800/600',"3),"
(164,'Zoovu','Balanced multi-tasking task-force','https://picsum.photos/seed/164/800/600',"4),"
(165,'Feedspan','Automated homogeneous task-force','https://picsum.photos/seed/165/800/600',"5),"
(166,'Skyble','Phased non-volatile initiative','https://picsum.photos/seed/166/800/600',"6),"
(167,'Tavu','Switchable dynamic access','https://picsum.photos/seed/167/800/600',"7),"
(168,'Devcast','Profound dedicated moratorium','https://picsum.photos/seed/168/800/600',"8),"
(169,'BlogXS','Organic zero tolerance service-desk','https://picsum.photos/seed/169/800/600',"9),"
(170,'Zoombeat','Progressive human-resource artificial intelligence','https://picsum.photos/seed/170/800/600',"10),"
(171,'Linkbuzz','Triple-buffered scalable migration','https://picsum.photos/seed/171/800/600',"11),"
(172,'Devcast','Cloned zero tolerance frame','https://picsum.photos/seed/172/800/600',"12),"
(173,'Topiclounge','Open-source multi-tasking synergy','https://picsum.photos/seed/173/800/600',"13),"
(174,'Jabbercube','Multi-layered maximized concept','https://picsum.photos/seed/174/800/600',"14),"
(175,'Vitz','Multi-channelled foreground capability','https://picsum.photos/seed/175/800/600',"15),"
(176,'Eire','Pre-emptive tertiary attitude','https://picsum.photos/seed/176/800/600',"16),"
(177,'Riffwire','Re-engineered intermediate model','https://picsum.photos/seed/177/800/600',"17),"
(178,'Jatri','Object-based transitional knowledge user','https://picsum.photos/seed/178/800/600',"18),"
(179,'Wordtune','Devolved non-volatile hub','https://picsum.photos/seed/179/800/600',"19),"
(180,'Bubblebox','User-friendly uniform Graphical User Interface','https://picsum.photos/seed/180/800/600',"20),"
(181,'Dazzlesphere','Phased fault-tolerant success','https://picsum.photos/seed/181/800/600',"1),"
(182,'Photojam','Horizontal tertiary access','https://picsum.photos/seed/182/800/600',"2),"
(183,'Omba','Public-key grid-enabled leverage','https://picsum.photos/seed/183/800/600',"3),"
(184,'Skyba','Integrated content-based frame','https://picsum.photos/seed/184/800/600',"4),"
(185,'Skidoo','Ergonomic zero tolerance model','https://picsum.photos/seed/185/800/600',"5),"
(186,'Avavee','Total interactive open architecture','https://picsum.photos/seed/186/800/600',"6),"
(187,'Eare','Persistent heuristic protocol','https://picsum.photos/seed/187/800/600',"7),"
(188,'Oba','Synergistic zero defect website','https://picsum.photos/seed/188/800/600',"8),"
(189,'Babbleopia','Organic content-based initiative','https://picsum.photos/seed/189/800/600',"9),"
(190,'DabZ','Expanded bandwidth-monitored standardization','https://picsum.photos/seed/190/800/600',"10),"
(191,'Zoonoodle','Business-focused composite protocol','https://picsum.photos/seed/191/800/600',"11),"
(192,'Vitz','Versatile asynchronous moderator','https://picsum.photos/seed/192/800/600',"12),"
(193,'Browsetype','Customizable multimedia policy','https://picsum.photos/seed/193/800/600',"13),"
(194,'Gabtype','Quality-focused intermediate solution','https://picsum.photos/seed/194/800/600',"14),"
(195,'Rhycero','Mandatory object-oriented strategy','https://picsum.photos/seed/195/800/600',"15),"
(196,'Avavee','Enhanced fault-tolerant software','https://picsum.photos/seed/196/800/600',"16),"
(197,'Feedbug','Persevering exuding task-force','https://picsum.photos/seed/197/800/600',"17),"
(198,'LiveZ','Expanded heuristic groupware','https://picsum.photos/seed/198/800/600',"18),"
(199,'Centizu','Inverse clear-thinking neural-net','https://picsum.photos/seed/199/800/600',"19),"
(200,'DabZ','Integrated contextually-based service-desk','https://picsum.photos/seed/200/800/600',"20),"
(201,'Yakitri','Open-source static analyzer','https://picsum.photos/seed/201/800/600',"1),"
(202,'Pixope','Re-contextualized system-worthy framework','https://picsum.photos/seed/202/800/600',"2),"
(203,'Oyoba','Polarised optimal strategy','https://picsum.photos/seed/203/800/600',"3),"
(204,'Thoughtbeat','Sharable actuating moderator','https://picsum.photos/seed/204/800/600',"4),"
(205,'Minyx','Focused dedicated frame','https://picsum.photos/seed/205/800/600',"5),"
(206,'Gigabox','Intuitive intermediate instruction set','https://picsum.photos/seed/206/800/600',"6),"
(207,'Flipbug','Pre-emptive logistical support','https://picsum.photos/seed/207/800/600',"7),"
(208,'Tagchat','Distributed value-added policy','https://picsum.photos/seed/208/800/600',"8),"
(209,'Skipstorm','Function-based 3rd generation matrices','https://picsum.photos/seed/209/800/600',"9),"
(210,'Oyondu','Total cohesive matrix','https://picsum.photos/seed/210/800/600',"10),"
(211,'Twitterbridge','Compatible encompassing access','https://picsum.photos/seed/211/800/600',"11),"
(212,'Feednation','Organic heuristic product','https://picsum.photos/seed/212/800/600',"12),"
(213,'Flashset','Organic even-keeled synergy','https://picsum.photos/seed/213/800/600',"13),"
(214,'Fiveclub','Distributed object-oriented Graphic Interface','https://picsum.photos/seed/214/800/600',"14),"
(215,'Trilia','Multi-lateral radical moratorium','https://picsum.photos/seed/215/800/600',"15),"
(216,'Aivee','Reduced user-facing functionalities','https://picsum.photos/seed/216/800/600',"16),"
(217,'Demimbu','Total homogeneous emulation','https://picsum.photos/seed/217/800/600',"17),"
(218,'Thoughtbeat','Optional stable alliance','https://picsum.photos/seed/218/800/600',"18),"
(219,'Yakijo','Stand-alone intangible adapter','https://picsum.photos/seed/219/800/600',"19),"
(220,'Yamia','Assimilated full-range middleware','https://picsum.photos/seed/220/800/600',"20),"
(221,'Jabbertype','Profit-focused empowering support','https://picsum.photos/seed/221/800/600',"1),"
(222,'Oyondu','Front-line leading edge methodology','https://picsum.photos/seed/222/800/600',"2),"
(223,'Flipbug','Mandatory analyzing instruction set','https://picsum.photos/seed/223/800/600',"3),"
(224,'Yoveo','Operative content-based throughput','https://picsum.photos/seed/224/800/600',"4),"
(225,'Skyba','Automated value-added framework','https://picsum.photos/seed/225/800/600',"5),"
(226,'Flashpoint','Assimilated holistic groupware','https://picsum.photos/seed/226/800/600',"6),"
(227,'Oyonder','Profit-focused holistic focus group','https://picsum.photos/seed/227/800/600',"7),"
(228,'Eimbee','Stand-alone mobile attitude','https://picsum.photos/seed/228/800/600',"8),"
(229,'Thoughtbeat','Programmable 5th generation encryption','https://picsum.photos/seed/229/800/600',"9),"
(230,'Eayo','Automated next generation infrastructure','https://picsum.photos/seed/230/800/600',"10),"
(231,'Babblestorm','Proactive motivating flexibility','https://picsum.photos/seed/231/800/600',"11),"
(232,'Vitz','Business-focused logistical artificial intelligence','https://picsum.photos/seed/232/800/600',"12),"
(233,'Oloo','Implemented motivating algorithm','https://picsum.photos/seed/233/800/600',"13),"
(234,'Cogibox','Distributed web-enabled projection','https://picsum.photos/seed/234/800/600',"14),"
(235,'Layo','Extended background policy','https://picsum.photos/seed/235/800/600',"15),"
(236,'Feedmix','Integrated responsive throughput','https://picsum.photos/seed/236/800/600',"16),"
(237,'Photolist','Polarised reciprocal throughput','https://picsum.photos/seed/237/800/600',"17),"
(238,'Demizz','De-engineered 5th generation strategy','https://picsum.photos/seed/238/800/600',"18),"
(239,'Flashspan','Devolved executive toolset','https://picsum.photos/seed/239/800/600',"19),"
(240,'Tekfly','Synergized bifurcated functionalities','https://picsum.photos/seed/240/800/600',"20),"
(241,'Meeveo','Reverse-engineered contextually-based function','https://picsum.photos/seed/241/800/600',"1),"
(242,'Meetz','Sharable discrete parallelism','https://picsum.photos/seed/242/800/600',"2),"
(243,'Pixoboo','Customer-focused zero administration framework','https://picsum.photos/seed/243/800/600',"3),"
(244,'Yotz','Versatile intangible process improvement','https://picsum.photos/seed/244/800/600',"4),"
(245,'Gigazoom','Re-contextualized demand-driven knowledge base','https://picsum.photos/seed/245/800/600',"5),"
(246,'Cogilith','Persevering executive neural-net','https://picsum.photos/seed/246/800/600',"6),"
(247,'Twitterworks','Triple-buffered impactful firmware','https://picsum.photos/seed/247/800/600',"7),"
(248,'Yata','Synchronised incremental methodology','https://picsum.photos/seed/248/800/600',"8),"
(249,'Jabbersphere','Horizontal clear-thinking budgetary management','https://picsum.photos/seed/249/800/600',"9),"
(250,'Mita','Enterprise-wide asymmetric migration','https://picsum.photos/seed/250/800/600',"10),"
(251,'Flashdog','Inverse motivating algorithm','https://picsum.photos/seed/251/800/600',"11),"
(252,'Bubbletube','Object-based incremental interface','https://picsum.photos/seed/252/800/600',"12),"
(253,'Jaxnation','Vision-oriented bottom-line model','https://picsum.photos/seed/253/800/600',"13),"
(254,'Skalith','Multi-layered 6th generation attitude','https://picsum.photos/seed/254/800/600',"14),"
(255,'Bubblemix','Diverse regional emulation','https://picsum.photos/seed/255/800/600',"15),"
(256,'Skidoo','Face to face fresh-thinking customer loyalty','https://picsum.photos/seed/256/800/600',"16),"
(257,'Yakitri','Organic incremental projection','https://picsum.photos/seed/257/800/600',"17),"
(258,'Blogtag','Ameliorated upward-trending migration','https://picsum.photos/seed/258/800/600',"18),"
(259,'Gevee','Optional leading edge frame','https://picsum.photos/seed/259/800/600',"19),"
(260,'Fivespan','Business-focused dynamic knowledge user','https://picsum.photos/seed/260/800/600',"20),"
(261,'Linktype','Expanded executive pricing structure','https://picsum.photos/seed/261/800/600',"1),"
(262,'Demizz','Open-architected asynchronous utilisation','https://picsum.photos/seed/262/800/600',"2),"
(263,'Meemm','Optimized zero defect orchestration','https://picsum.photos/seed/263/800/600',"3),"
(264,'Agivu','Multi-lateral local superstructure','https://picsum.photos/seed/264/800/600',"4),"
(265,'Mita','Business-focused 24 hour utilisation','https://picsum.photos/seed/265/800/600',"5),"
(266,'Eazzy','Face to face responsive projection','https://picsum.photos/seed/266/800/600',"6),"
(267,'Gevee','Enterprise-wide human-resource interface','https://picsum.photos/seed/267/800/600',"7),"
(268,'Twinte','Multi-layered well-modulated archive','https://picsum.photos/seed/268/800/600',"8),"
(269,'Pixope','Grass-roots 5th generation help-desk','https://picsum.photos/seed/269/800/600',"9),"
(270,'Tazzy','Virtual homogeneous matrix','https://picsum.photos/seed/270/800/600',"10),"
(271,'Jabbercube','Self-enabling systematic knowledge user','https://picsum.photos/seed/271/800/600',"11),"
(272,'Roodel','Down-sized multimedia product','https://picsum.photos/seed/272/800/600',"12),"
(273,'Twitterlist','Programmable web-enabled adapter','https://picsum.photos/seed/273/800/600',"13),"
(274,'Yoveo','Compatible dedicated encoding','https://picsum.photos/seed/274/800/600',"14),"
(275,'Yakidoo','Fundamental homogeneous hardware','https://picsum.photos/seed/275/800/600',"15),"
(276,'Zooxo','Enhanced tangible methodology','https://picsum.photos/seed/276/800/600',"16),"
(277,'Ozu','Optional asynchronous algorithm','https://picsum.photos/seed/277/800/600',"17),"
(278,'Gabspot','Function-based attitude-oriented service-desk','https://picsum.photos/seed/278/800/600',"18),"
(279,'Wordtune','Polarised upward-trending productivity','https://picsum.photos/seed/279/800/600',"19),"
(280,'Wikizz','Secured contextually-based flexibility','https://picsum.photos/seed/280/800/600',"20),"
(281,'Skibox','Seamless dynamic budgetary management','https://picsum.photos/seed/281/800/600',"1),"
(282,'Thoughtworks','Re-engineered stable parallelism','https://picsum.photos/seed/282/800/600',"2),"
(283,'Tekfly','Object-based web-enabled groupware','https://picsum.photos/seed/283/800/600',"3),"
(284,'Fiveclub','Optional homogeneous open system','https://picsum.photos/seed/284/800/600',"4),"
(285,'Realmix','Enhanced directional methodology','https://picsum.photos/seed/285/800/600',"5),"
(286,'Jetpulse','Horizontal bandwidth-monitored internet solution','https://picsum.photos/seed/286/800/600',"6),"
(287,'Oyoba','Distributed actuating database','https://picsum.photos/seed/287/800/600',"7),"
(288,'Vitz','Reduced system-worthy core','https://picsum.photos/seed/288/800/600',"8),"
(289,'Babbleopia','Multi-layered needs-based orchestration','https://picsum.photos/seed/289/800/600',"9),"
(290,'Abatz','Grass-roots asynchronous matrix','https://picsum.photos/seed/290/800/600',"10),"
(291,'Avaveo','Customizable real-time moratorium','https://picsum.photos/seed/291/800/600',"11),"
(292,'Twitterworks','Persevering multimedia array','https://picsum.photos/seed/292/800/600',"12),"
(293,'Tanoodle','Sharable fresh-thinking monitoring','https://picsum.photos/seed/293/800/600',"13),"
(294,'Mybuzz','Object-based executive challenge','https://picsum.photos/seed/294/800/600',"14),"
(295,'Avamba','Universal analyzing interface','https://picsum.photos/seed/295/800/600',"15),"
(296,'BlogXS','Object-based global policy','https://picsum.photos/seed/296/800/600',"16),"
(297,'Kanoodle','Operative solution-oriented solution','https://picsum.photos/seed/297/800/600',"17),"
(298,'Avamba','Total multi-tasking productivity','https://picsum.photos/seed/298/800/600',"18),"
(299,'Zoomlounge','Innovative multi-tasking success','https://picsum.photos/seed/299/800/600',"19),"
(300,'Twitterlist','User-friendly zero defect protocol','https://picsum.photos/seed/300/800/600',"20),"
(301,'Zoombeat','Sharable grid-enabled website','https://picsum.photos/seed/301/800/600',"1),"
(302,'Oloo','Proactive radical paradigm','https://picsum.photos/seed/302/800/600',"2),"
(303,'Yata','Intuitive fault-tolerant time-frame','https://picsum.photos/seed/303/800/600',"3),"
(304,'Bubblebox','Profound foreground success','https://picsum.photos/seed/304/800/600',"4),"
(305,'Fatz','Total dynamic leverage','https://picsum.photos/seed/305/800/600',"5),"
(306,'Voonyx','Compatible zero tolerance infrastructure','https://picsum.photos/seed/306/800/600',"6),"
(307,'Skinix','Customizable explicit moratorium','https://picsum.photos/seed/307/800/600',"7),"
(308,'Demimbu','Virtual heuristic alliance','https://picsum.photos/seed/308/800/600',"8),"
(309,'LiveZ','Multi-tiered attitude-oriented moratorium','https://picsum.photos/seed/309/800/600',"9),"
(310,'Eazzy','Upgradable regional internet solution','https://picsum.photos/seed/310/800/600',"10),"
(311,'Jetpulse','Balanced contextually-based focus group','https://picsum.photos/seed/311/800/600',"11),"
(312,'Eire','Persevering content-based Graphical User Interface','https://picsum.photos/seed/312/800/600',"12),"
(313,'Wordtune','Multi-lateral neutral neural-net','https://picsum.photos/seed/313/800/600',"13),"
(314,'Skibox','Synergized actuating complexity','https://picsum.photos/seed/314/800/600',"14),"
(315,'Vidoo','Mandatory neutral help-desk','https://picsum.photos/seed/315/800/600',"15),"
(316,'Voomm','Quality-focused mobile analyzer','https://picsum.photos/seed/316/800/600',"16),"
(317,'Kwideo','Inverse directional support','https://picsum.photos/seed/317/800/600',"17),"
(318,'Shufflester','Optional tertiary protocol','https://picsum.photos/seed/318/800/600',"18),"
(319,'Janyx','Innovative demand-driven artificial intelligence','https://picsum.photos/seed/319/800/600',"19),"
(320,'LiveZ','Ameliorated multi-tasking data-warehouse','https://picsum.photos/seed/320/800/600',"20),"
(321,'Bubbletube','Object-based stable conglomeration','https://picsum.photos/seed/321/800/600',"1),"
(322,'Kare','Networked analyzing emulation','https://picsum.photos/seed/322/800/600',"2),"
(323,'Browsebug','Secured 24 hour knowledge base','https://picsum.photos/seed/323/800/600',"3),"
(324,'Wordtune','Persistent transitional collaboration','https://picsum.photos/seed/324/800/600',"4),"
(325,'Jaxnation','Fully-configurable demand-driven algorithm','https://picsum.photos/seed/325/800/600',"5),"
(326,'Youspan','Versatile background access','https://picsum.photos/seed/326/800/600',"6),"
(327,'Brightdog','Versatile global array','https://picsum.photos/seed/327/800/600',"7),"
(328,'Edgepulse','Optimized even-keeled circuit','https://picsum.photos/seed/328/800/600',"8),"
(329,'Oyoba','Self-enabling mobile orchestration','https://picsum.photos/seed/329/800/600',"9),"
(330,'Thoughtbeat','Configurable 3rd generation toolset','https://picsum.photos/seed/330/800/600',"10),"
(331,'Topicware','Enhanced discrete concept','https://picsum.photos/seed/331/800/600',"11),"
(332,'Realfire','Decentralized high-level process improvement','https://picsum.photos/seed/332/800/600',"12),"
(333,'Yacero','Down-sized even-keeled methodology','https://picsum.photos/seed/333/800/600',"13),"
(334,'Shuffletag','Upgradable human-resource groupware','https://picsum.photos/seed/334/800/600',"14),"
(335,'Yabox','Operative stable array','https://picsum.photos/seed/335/800/600',"15),"
(336,'Shuffledrive','Future-proofed eco-centric capacity','https://picsum.photos/seed/336/800/600',"16),"
(337,'Ozu','Customer-focused bifurcated implementation','https://picsum.photos/seed/337/800/600',"17),"
(338,'Zava','User-friendly neutral initiative','https://picsum.photos/seed/338/800/600',"18),"
(339,'Zooxo','Implemented incremental support','https://picsum.photos/seed/339/800/600',"19),"
(340,'Vidoo','Re-contextualized responsive infrastructure','https://picsum.photos/seed/340/800/600',"20),"
(341,'Eayo','Right-sized asynchronous projection','https://picsum.photos/seed/341/800/600',"1),"
(342,'Quaxo','Optimized web-enabled protocol','https://picsum.photos/seed/342/800/600',"2),"
(343,'Izio','Face to face contextually-based archive','https://picsum.photos/seed/343/800/600',"3),"
(344,'Kamba','Face to face encompassing policy','https://picsum.photos/seed/344/800/600',"4),"
(345,'Babbleblab','Polarised homogeneous paradigm','https://picsum.photos/seed/345/800/600',"5),"
(346,'Linkbridge','Extended scalable definition','https://picsum.photos/seed/346/800/600',"6),"
(347,'Dabvine','Fundamental zero defect instruction set','https://picsum.photos/seed/347/800/600',"7),"
(348,'Meetz','Distributed bifurcated forecast','https://picsum.photos/seed/348/800/600',"8),"
(349,'Katz','Up-sized neutral approach','https://picsum.photos/seed/349/800/600',"9),"
(350,'Divape','Up-sized transitional instruction set','https://picsum.photos/seed/350/800/600',"10),"
(351,'Yata','User-centric heuristic solution','https://picsum.photos/seed/351/800/600',"11),"
(352,'Snaptags','Distributed even-keeled ability','https://picsum.photos/seed/352/800/600',"12),"
(353,'Riffpedia','Vision-oriented full-range support','https://picsum.photos/seed/353/800/600',"13),"
(354,'Rhynoodle','Streamlined well-modulated frame','https://picsum.photos/seed/354/800/600',"14),"
(355,'Devpulse','Robust real-time neural-net','https://picsum.photos/seed/355/800/600',"15),"
(356,'Youtags','Adaptive intermediate flexibility','https://picsum.photos/seed/356/800/600',"16),"
(357,'Innojam','Multi-layered actuating complexity','https://picsum.photos/seed/357/800/600',"17),"
(358,'Roomm','Persistent disintermediate projection','https://picsum.photos/seed/358/800/600',"18),"
(359,'Jamia','Face to face multimedia time-frame','https://picsum.photos/seed/359/800/600',"19),"
(360,'Skibox','Diverse multimedia extranet','https://picsum.photos/seed/360/800/600',"20),"
(361,'Wordware','Total leading edge structure','https://picsum.photos/seed/361/800/600',"1),"
(362,'Trunyx','Expanded zero defect productivity','https://picsum.photos/seed/362/800/600',"2),"
(363,'Kwimbee','Ergonomic radical synergy','https://picsum.photos/seed/363/800/600',"3),"
(364,'Jaxnation','Distributed uniform algorithm','https://picsum.photos/seed/364/800/600',"4),"
(365,'Jabberbean','Phased global encryption','https://picsum.photos/seed/365/800/600',"5),"
(366,'Talane','Intuitive bi-directional hierarchy','https://picsum.photos/seed/366/800/600',"6),"
(367,'Meevee','Enhanced dedicated middleware','https://picsum.photos/seed/367/800/600',"7),"
(368,'Yombu','Mandatory value-added migration','https://picsum.photos/seed/368/800/600',"8),"
(369,'Avaveo','Customizable national strategy','https://picsum.photos/seed/369/800/600',"9),"
(370,'Brainbox','Ameliorated hybrid groupware','https://picsum.photos/seed/370/800/600',"10),"
(371,'Yombu','Enterprise-wide motivating matrices','https://picsum.photos/seed/371/800/600',"11),"
(372,'Thoughtbeat','Secured composite open system','https://picsum.photos/seed/372/800/600',"12),"
(373,'Twitterworks','Operative exuding flexibility','https://picsum.photos/seed/373/800/600',"13),"
(374,'Divavu','Synchronised object-oriented project','https://picsum.photos/seed/374/800/600',"14),"
(375,'Avamm','Automated reciprocal encoding','https://picsum.photos/seed/375/800/600',"15),"
(376,'Skynoodle','Enterprise-wide exuding methodology','https://picsum.photos/seed/376/800/600',"16),"
(377,'Lajo','Synergistic background throughput','https://picsum.photos/seed/377/800/600',"17),"
(378,'Aimbo','Stand-alone clear-thinking contingency','https://picsum.photos/seed/378/800/600',"18),"
(379,'Zoonoodle','Grass-roots systematic adapter','https://picsum.photos/seed/379/800/600',"19),"
(380,'Voomm','De-engineered systemic methodology','https://picsum.photos/seed/380/800/600',"20),"
(381,'Thoughtbridge','Operative 3rd generation implementation','https://picsum.photos/seed/381/800/600',"1),"
(382,'Mynte','Public-key mission-critical portal','https://picsum.photos/seed/382/800/600',"2),"
(383,'Yacero','Configurable coherent superstructure','https://picsum.photos/seed/383/800/600',"3),"
(384,'Skipfire','Managed interactive toolset','https://picsum.photos/seed/384/800/600',"4),"
(385,'Mynte','Decentralized modular initiative','https://picsum.photos/seed/385/800/600',"5),"
(386,'Realfire','Assimilated executive array','https://picsum.photos/seed/386/800/600',"6),"
(387,'Devbug','Re-contextualized clear-thinking matrices','https://picsum.photos/seed/387/800/600',"7),"
(388,'Jabbertype','Re-contextualized background groupware','https://picsum.photos/seed/388/800/600',"8),"
(389,'Mycat','Multi-layered next generation workforce','https://picsum.photos/seed/389/800/600',"9),"
(390,'Rhynoodle','Vision-oriented solution-oriented open architecture','https://picsum.photos/seed/390/800/600',"10),"
(391,'Realfire','Profound reciprocal product','https://picsum.photos/seed/391/800/600',"11),"
(392,'Oyonder','Fully-configurable radical adapter','https://picsum.photos/seed/392/800/600',"12),"
(393,'Tagcat','Open-source contextually-based open architecture','https://picsum.photos/seed/393/800/600',"13),"
(394,'Gabcube','Right-sized national service-desk','https://picsum.photos/seed/394/800/600',"14),"
(395,'Twitternation','Digitized heuristic internet solution','https://picsum.photos/seed/395/800/600',"15),"
(396,'Browsedrive','Grass-roots asymmetric throughput','https://picsum.photos/seed/396/800/600',"16),"
(397,'Topicware','Mandatory neutral task-force','https://picsum.photos/seed/397/800/600',"17),"
(398,'Zoombeat','Up-sized zero defect orchestration','https://picsum.photos/seed/398/800/600',"18),"
(399,'Photojam','Cross-group coherent moderator','https://picsum.photos/seed/399/800/600',"19),"
(400,'Camimbo','Advanced disintermediate service-desk','https://picsum.photos/seed/400/800/600',"20),"
(401,'Yakijo','Optional mobile customer loyalty','https://picsum.photos/seed/401/800/600',"1),"
(402,'Browsecat','Virtual transitional archive','https://picsum.photos/seed/402/800/600',"2),"
(403,'Jayo','Face to face composite hierarchy','https://picsum.photos/seed/403/800/600',"3),"
(404,'Snaptags','Polarised clear-thinking interface','https://picsum.photos/seed/404/800/600',"4),"
(405,'Shufflebeat','Automated methodical internet solution','https://picsum.photos/seed/405/800/600',"5),"
(406,'Kwilith','Total object-oriented firmware','https://picsum.photos/seed/406/800/600',"6),"
(407,'Avamm','Assimilated asynchronous superstructure','https://picsum.photos/seed/407/800/600',"7),"
(408,'Roomm','Ameliorated zero tolerance pricing structure','https://picsum.photos/seed/408/800/600',"8),"
(409,'Gigaclub','Progressive bi-directional knowledge user','https://picsum.photos/seed/409/800/600',"9),"
(410,'Agimba','Diverse attitude-oriented superstructure','https://picsum.photos/seed/410/800/600',"10),"
(411,'Skilith','Assimilated regional complexity','https://picsum.photos/seed/411/800/600',"11),"
(412,'Photospace','Face to face user-facing interface','https://picsum.photos/seed/412/800/600',"12),"
(413,'Brightbean','Secured next generation budgetary management','https://picsum.photos/seed/413/800/600',"13),"
(414,'Mymm','Universal mobile Graphic Interface','https://picsum.photos/seed/414/800/600',"14),"
(415,'Abata','Organic systematic focus group','https://picsum.photos/seed/415/800/600',"15),"
(416,'Tagchat','Virtual clear-thinking product','https://picsum.photos/seed/416/800/600',"16),"
(417,'Gevee','Multi-lateral multi-tasking product','https://picsum.photos/seed/417/800/600',"17),"
(418,'Innojam','Extended web-enabled application','https://picsum.photos/seed/418/800/600',"18),"
(419,'Skidoo','Devolved asymmetric project','https://picsum.photos/seed/419/800/600',"19),"
(420,'Feedbug','Reactive scalable model','https://picsum.photos/seed/420/800/600',"20),"
(421,'Dabvine','Automated attitude-oriented challenge','https://picsum.photos/seed/421/800/600',"1),"
(422,'Meedoo','Cross-platform dedicated leverage','https://picsum.photos/seed/422/800/600',"2),"
(423,'Dabfeed','Object-based optimal monitoring','https://picsum.photos/seed/423/800/600',"3),"
(424,'Browseblab','Cloned clear-thinking frame','https://picsum.photos/seed/424/800/600',"4),"
(425,'Skinte','Operative human-resource website','https://picsum.photos/seed/425/800/600',"5),"
(426,'Edgeclub','Innovative regional encryption','https://picsum.photos/seed/426/800/600',"6),"
(427,'Gabspot','Innovative clear-thinking superstructure','https://picsum.photos/seed/427/800/600',"7),"
(428,'Fivespan','Ameliorated client-driven framework','https://picsum.photos/seed/428/800/600',"8),"
(429,'Realblab','Synchronised radical definition','https://picsum.photos/seed/429/800/600',"9),"
(430,'Tagcat','Cross-platform directional orchestration','https://picsum.photos/seed/430/800/600',"10),"
(431,'Zoomcast','Inverse high-level parallelism','https://picsum.photos/seed/431/800/600',"11),"
(432,'Wikibox','Up-sized disintermediate process improvement','https://picsum.photos/seed/432/800/600',"12),"
(433,'Kwilith','Cross-group heuristic budgetary management','https://picsum.photos/seed/433/800/600',"13),"
(434,'Gigabox','User-friendly 24 hour benchmark','https://picsum.photos/seed/434/800/600',"14),"
(435,'Browsedrive','Extended leading edge functionalities','https://picsum.photos/seed/435/800/600',"15),"
(436,'Eadel','Profound tangible Graphic Interface','https://picsum.photos/seed/436/800/600',"16),"
(437,'Yombu','Adaptive grid-enabled analyzer','https://picsum.photos/seed/437/800/600',"17),"
(438,'Yambee','Monitored regional service-desk','https://picsum.photos/seed/438/800/600',"18),"
(439,'Blognation','Up-sized 6th generation superstructure','https://picsum.photos/seed/439/800/600',"19),"
(440,'Plambee','Ameliorated systemic parallelism','https://picsum.photos/seed/440/800/600',"20),"
(441,'Mybuzz','Multi-layered value-added paradigm','https://picsum.photos/seed/441/800/600',"1),"
(442,'Thoughtbridge','Enhanced maximized solution','https://picsum.photos/seed/442/800/600',"2),"
(443,'Divape','Public-key reciprocal strategy','https://picsum.photos/seed/443/800/600',"3),"
(444,'Tekfly','Virtual maximized service-desk','https://picsum.photos/seed/444/800/600',"4),"
(445,'Buzzbean','Object-based 24 hour parallelism','https://picsum.photos/seed/445/800/600',"5),"
(446,'Browsezoom','Operative static protocol','https://picsum.photos/seed/446/800/600',"6),"
(447,'Realpoint','Devolved full-range forecast','https://picsum.photos/seed/447/800/600',"7),"
(448,'Photobean','Open-source asynchronous framework','https://picsum.photos/seed/448/800/600',"8),"
(449,'Mynte','Extended bottom-line software','https://picsum.photos/seed/449/800/600',"9),"
(450,'Gabcube','Grass-roots intangible internet solution','https://picsum.photos/seed/450/800/600',"10),"
(451,'Centizu','Down-sized multi-tasking Graphic Interface','https://picsum.photos/seed/451/800/600',"11),"
(452,'Yombu','Sharable methodical challenge','https://picsum.photos/seed/452/800/600',"12),"
(453,'Jamia','Upgradable composite emulation','https://picsum.photos/seed/453/800/600',"13),"
(454,'Kimia','Down-sized didactic encryption','https://picsum.photos/seed/454/800/600',"14),"
(455,'Rhycero','Decentralized homogeneous hub','https://picsum.photos/seed/455/800/600',"15),"
(456,'Shufflester','Robust responsive local area network','https://picsum.photos/seed/456/800/600',"16),"
(457,'Latz','Digitized responsive archive','https://picsum.photos/seed/457/800/600',"17),"
(458,'Eabox','Versatile disintermediate function','https://picsum.photos/seed/458/800/600',"18),"
(459,'Fadeo','Universal empowering definition','https://picsum.photos/seed/459/800/600',"19),"
(460,'Pixoboo','Virtual systemic policy','https://picsum.photos/seed/460/800/600',"20),"
(461,'Tambee','Virtual encompassing utilisation','https://picsum.photos/seed/461/800/600',"1),"
(462,'Wikibox','Polarised intermediate time-frame','https://picsum.photos/seed/462/800/600',"2),"
(463,'Devbug','Inverse stable alliance','https://picsum.photos/seed/463/800/600',"3),"
(464,'Photobug','Balanced content-based instruction set','https://picsum.photos/seed/464/800/600',"4),"
(465,'Miboo','Sharable secondary functionalities','https://picsum.photos/seed/465/800/600',"5),"
(466,'Brainbox','Self-enabling national initiative','https://picsum.photos/seed/466/800/600',"6),"
(467,'Linkbuzz','Right-sized tertiary time-frame','https://picsum.photos/seed/467/800/600',"7),"
(468,'Jabberbean','Managed secondary structure','https://picsum.photos/seed/468/800/600',"8),"
(469,'Innojam','Stand-alone systematic orchestration','https://picsum.photos/seed/469/800/600',"9),"
(470,'Pixoboo','Innovative asynchronous framework','https://picsum.photos/seed/470/800/600',"10),"
(471,'Realblab','Configurable responsive adapter','https://picsum.photos/seed/471/800/600',"11),"
(472,'Mycat','Digitized exuding core','https://picsum.photos/seed/472/800/600',"12),"
(473,'Yadel','Enterprise-wide 6th generation customer loyalty','https://picsum.photos/seed/473/800/600',"13),"
(474,'Blognation','Fully-configurable coherent adapter','https://picsum.photos/seed/474/800/600',"14),"
(475,'Skyble','Stand-alone asynchronous software','https://picsum.photos/seed/475/800/600',"15),"
(476,'Gabvine','Customizable leading edge core','https://picsum.photos/seed/476/800/600',"16),"
(477,'Topicblab','Versatile didactic forecast','https://picsum.photos/seed/477/800/600',"17),"
(478,'Bubblebox','Open-source well-modulated info-mediaries','https://picsum.photos/seed/478/800/600',"18),"
(479,'Bubbletube','Cross-group incremental utilisation','https://picsum.photos/seed/479/800/600',"19),"
(480,'Skidoo','Monitored tangible solution','https://picsum.photos/seed/480/800/600',"20),"
(481,'Tagchat','Fully-configurable secondary software','https://picsum.photos/seed/481/800/600',"1),"
(482,'Voomm','Re-contextualized zero tolerance groupware','https://picsum.photos/seed/482/800/600',"2),"
(483,'Avavee','Profit-focused encompassing software','https://picsum.photos/seed/483/800/600',"3),"
(484,'Devify','Public-key didactic complexity','https://picsum.photos/seed/484/800/600',"4),"
(485,'Feedbug','Front-line didactic migration','https://picsum.photos/seed/485/800/600',"5),"
(486,'Skipstorm','Synchronised client-server info-mediaries','https://picsum.photos/seed/486/800/600',"6),"
(487,'Edgetag','Open-architected leading edge benchmark','https://picsum.photos/seed/487/800/600',"7),"
(488,'Yamia','Compatible non-volatile local area network','https://picsum.photos/seed/488/800/600',"8),"
(489,'Voolia','Profit-focused interactive architecture','https://picsum.photos/seed/489/800/600',"9),"
(490,'Voonyx','Grass-roots contextually-based functionalities','https://picsum.photos/seed/490/800/600',"10),"
(491,'Mynte','Adaptive local functionalities','https://picsum.photos/seed/491/800/600',"11),"
(492,'Mudo','Centralized 3rd generation workforce','https://picsum.photos/seed/492/800/600',"12),"
(493,'Chatterbridge','Function-based multi-tasking product','https://picsum.photos/seed/493/800/600',"13),"
(494,'Yodoo','Operative solution-oriented info-mediaries','https://picsum.photos/seed/494/800/600',"14),"
(495,'Meevee','Advanced directional product','https://picsum.photos/seed/495/800/600',"15),"
(496,'Trunyx','Triple-buffered regional productivity','https://picsum.photos/seed/496/800/600',"16),"
(497,'Quatz','Intuitive non-volatile workforce','https://picsum.photos/seed/497/800/600',"17),"
(498,'Twitterworks','Cross-group reciprocal orchestration','https://picsum.photos/seed/498/800/600',"18),"
(499,'Youtags','Multi-layered solution-oriented service-desk','https://picsum.photos/seed/499/800/600',"19),"
(500,'Jayo','Managed bi-directional database','https://picsum.photos/seed/500/800/600',"20),"
(501,'Mycat','Grass-roots user-facing capacity','https://picsum.photos/seed/501/800/600',"1),"
(502,'Tagtune','Ameliorated logistical methodology','https://picsum.photos/seed/502/800/600',"2),"
(503,'Quamba','Open-source multi-state circuit','https://picsum.photos/seed/503/800/600',"3),"
(504,'Skippad','Multi-lateral leading edge frame','https://picsum.photos/seed/504/800/600',"4),"
(505,'Gabspot','Multi-channelled global archive','https://picsum.photos/seed/505/800/600',"5),"
(506,'Zoovu','Extended leading edge protocol','https://picsum.photos/seed/506/800/600',"6),"
(507,'Skajo','Innovative system-worthy ability','https://picsum.photos/seed/507/800/600',"7),"
(508,'Zoovu','Balanced fault-tolerant utilisation','https://picsum.photos/seed/508/800/600',"8),"
(509,'Jaxbean','Business-focused reciprocal system engine','https://picsum.photos/seed/509/800/600',"9),"
(510,'Oyonder','Managed client-server service-desk','https://picsum.photos/seed/510/800/600',"10),"
(511,'Topiczoom','Cloned high-level throughput','https://picsum.photos/seed/511/800/600',"11),"
(512,'Rhynoodle','Monitored motivating knowledge user','https://picsum.photos/seed/512/800/600',"12),"
(513,'Skyba','Organized leading edge firmware','https://picsum.photos/seed/513/800/600',"13),"
(514,'Zazio','Reverse-engineered radical support','https://picsum.photos/seed/514/800/600',"14),"
(515,'Avaveo','Stand-alone system-worthy hardware','https://picsum.photos/seed/515/800/600',"15),"
(516,'Abata','Re-engineered contextually-based structure','https://picsum.photos/seed/516/800/600',"16),"
(517,'Zooveo','User-centric leading edge software','https://picsum.photos/seed/517/800/600',"17),"
(518,'Talane','Business-focused composite help-desk','https://picsum.photos/seed/518/800/600',"18),"
(519,'Snaptags','Intuitive multi-state standardization','https://picsum.photos/seed/519/800/600',"19),"
(520,'Feedfire','Fully-configurable fresh-thinking time-frame','https://picsum.photos/seed/520/800/600',"20),"
(521,'Fatz','Programmable zero defect application','https://picsum.photos/seed/521/800/600',"1),"
(522,'Skinder','Open-source zero defect structure','https://picsum.photos/seed/522/800/600',"2),"
(523,'Jayo','Exclusive 3rd generation extranet','https://picsum.photos/seed/523/800/600',"3),"
(524,'Devcast','Horizontal methodical model','https://picsum.photos/seed/524/800/600',"4),"
(525,'Dynabox','Automated solution-oriented focus group','https://picsum.photos/seed/525/800/600',"5),"
(526,'Zoombeat','Public-key asynchronous Graphic Interface','https://picsum.photos/seed/526/800/600',"6),"
(527,'Skivee','Business-focused cohesive monitoring','https://picsum.photos/seed/527/800/600',"7),"
(528,'Brightbean','Ergonomic human-resource hardware','https://picsum.photos/seed/528/800/600',"8),"
(529,'Devbug','Expanded full-range monitoring','https://picsum.photos/seed/529/800/600',"9),"
(530,'Quatz','Multi-layered impactful groupware','https://picsum.photos/seed/530/800/600',"10),"
(531,'Fiveclub','Fundamental fresh-thinking hierarchy','https://picsum.photos/seed/531/800/600',"11),"
(532,'Yombu','Mandatory national website','https://picsum.photos/seed/532/800/600',"12),"
(533,'Voonyx','Multi-channelled well-modulated parallelism','https://picsum.photos/seed/533/800/600',"13),"
(534,'Flipstorm','Persistent multi-state capacity','https://picsum.photos/seed/534/800/600',"14),"
(535,'Skiptube','Switchable object-oriented orchestration','https://picsum.photos/seed/535/800/600',"15),"
(536,'Vipe','Distributed discrete complexity','https://picsum.photos/seed/536/800/600',"16),"
(537,'Quaxo','Managed tertiary database','https://picsum.photos/seed/537/800/600',"17),"
(538,'Agivu','Streamlined client-driven complexity','https://picsum.photos/seed/538/800/600',"18),"
(539,'Edgetag','Grass-roots coherent array','https://picsum.photos/seed/539/800/600',"19),"
(540,'Skiptube','Switchable regional utilisation','https://picsum.photos/seed/540/800/600',"20),"
(541,'Devpulse','Organized foreground encryption','https://picsum.photos/seed/541/800/600',"1),"
(542,'Roombo','Inverse explicit alliance','https://picsum.photos/seed/542/800/600',"2),"
(543,'Fivebridge','Integrated holistic focus group','https://picsum.photos/seed/543/800/600',"3),"
(544,'Oyondu','Self-enabling even-keeled workforce','https://picsum.photos/seed/544/800/600',"4),"
(545,'Feedspan','Virtual system-worthy groupware','https://picsum.photos/seed/545/800/600',"5),"
(546,'Janyx','Programmable client-server knowledge base','https://picsum.photos/seed/546/800/600',"6),"
(547,'Roomm','Focused contextually-based pricing structure','https://picsum.photos/seed/547/800/600',"7),"
(548,'Brainsphere','Upgradable heuristic matrix','https://picsum.photos/seed/548/800/600',"8),"
(549,'Photofeed','Versatile client-driven help-desk','https://picsum.photos/seed/549/800/600',"9),"
(550,'Livetube','Configurable intermediate portal','https://picsum.photos/seed/550/800/600',"10),"
(551,'Zoomcast','Multi-tiered tangible policy','https://picsum.photos/seed/551/800/600',"11),"
(552,'Twimbo','Integrated optimizing database','https://picsum.photos/seed/552/800/600',"12),"
(553,'Meemm','Reduced 5th generation success','https://picsum.photos/seed/553/800/600',"13),"
(554,'Quatz','Mandatory scalable array','https://picsum.photos/seed/554/800/600',"14),"
(555,'Meeveo','Business-focused heuristic neural-net','https://picsum.photos/seed/555/800/600',"15),"
(556,'Oyoyo','Grass-roots tangible orchestration','https://picsum.photos/seed/556/800/600',"16),"
(557,'Tagtune','Universal context-sensitive functionalities','https://picsum.photos/seed/557/800/600',"17),"
(558,'Aimbu','Multi-layered interactive intranet','https://picsum.photos/seed/558/800/600',"18),"
(559,'Trilia','Face to face transitional standardization','https://picsum.photos/seed/559/800/600',"19),"
(560,'Thoughtblab','Synergistic leading edge hardware','https://picsum.photos/seed/560/800/600',"20),"
(561,'Photobug','Programmable 6th generation archive','https://picsum.photos/seed/561/800/600',"1),"
(562,'Skaboo','Self-enabling mobile array','https://picsum.photos/seed/562/800/600',"2),"
(563,'Jetwire','Managed fresh-thinking moratorium','https://picsum.photos/seed/563/800/600',"3),"
(564,'Vinder','Enhanced user-facing product','https://picsum.photos/seed/564/800/600',"4),"
(565,'Einti','Seamless executive groupware','https://picsum.photos/seed/565/800/600',"5),"
(566,'Babbleblab','Multi-lateral user-facing info-mediaries','https://picsum.photos/seed/566/800/600',"6),"
(567,'Topiclounge','Monitored scalable superstructure','https://picsum.photos/seed/567/800/600',"7),"
(568,'Edgetag','Cross-group tangible model','https://picsum.photos/seed/568/800/600',"8),"
(569,'Podcat','Focused client-server standardization','https://picsum.photos/seed/569/800/600',"9),"
(570,'Brainverse','User-friendly mobile middleware','https://picsum.photos/seed/570/800/600',"10),"
(571,'Voolith','Expanded web-enabled artificial intelligence','https://picsum.photos/seed/571/800/600',"11),"
(572,'Mycat','Adaptive dynamic moderator','https://picsum.photos/seed/572/800/600',"12),"
(573,'Meevee','Enterprise-wide uniform leverage','https://picsum.photos/seed/573/800/600',"13),"
(574,'Fliptune','Multi-channelled even-keeled customer loyalty','https://picsum.photos/seed/574/800/600',"14),"
(575,'Rhynyx','Streamlined client-driven model','https://picsum.photos/seed/575/800/600',"15),"
(576,'Yakijo','Open-architected multimedia matrices','https://picsum.photos/seed/576/800/600',"16),"
(577,'Browsecat','Optimized regional focus group','https://picsum.photos/seed/577/800/600',"17),"
(578,'Edgeblab','Fully-configurable tertiary productivity','https://picsum.photos/seed/578/800/600',"18),"
(579,'Brainbox','Reverse-engineered responsive product','https://picsum.photos/seed/579/800/600',"19),"
(580,'Midel','Robust impactful structure','https://picsum.photos/seed/580/800/600',"20),"
(581,'Feedfire','Synchronised grid-enabled initiative','https://picsum.photos/seed/581/800/600',"1),"
(582,'Topicshots','Streamlined heuristic project','https://picsum.photos/seed/582/800/600',"2),"
(583,'Youfeed','Customizable secondary secured line','https://picsum.photos/seed/583/800/600',"3),"
(584,'Meevee','Sharable modular capacity','https://picsum.photos/seed/584/800/600',"4),"
(585,'Jabbersphere','Enhanced responsive moderator','https://picsum.photos/seed/585/800/600',"5),"
(586,'Meejo','Implemented encompassing knowledge base','https://picsum.photos/seed/586/800/600',"6),"
(587,'Mydo','Triple-buffered homogeneous toolset','https://picsum.photos/seed/587/800/600',"7),"
(588,'Flashset','Enterprise-wide stable hardware','https://picsum.photos/seed/588/800/600',"8),"
(589,'Ntag','Diverse local secured line','https://picsum.photos/seed/589/800/600',"9),"
(590,'Teklist','Focused well-modulated capability','https://picsum.photos/seed/590/800/600',"10),"
(591,'Gabtune','Organized 3rd generation array','https://picsum.photos/seed/591/800/600',"11),"
(592,'Jayo','Persevering national throughput','https://picsum.photos/seed/592/800/600',"12),"
(593,'Digitube','Focused bifurcated time-frame','https://picsum.photos/seed/593/800/600',"13),"
(594,'Livefish','Cloned solution-oriented orchestration','https://picsum.photos/seed/594/800/600',"14),"
(595,'Flashspan','Reduced asynchronous parallelism','https://picsum.photos/seed/595/800/600',"15),"
(596,'Devify','Pre-emptive bi-directional algorithm','https://picsum.photos/seed/596/800/600',"16),"
(597,'Voonder','Object-based human-resource alliance','https://picsum.photos/seed/597/800/600',"17),"
(598,'Gigabox','Versatile foreground attitude','https://picsum.photos/seed/598/800/600',"18),"
(599,'Fliptune','Inverse optimizing website','https://picsum.photos/seed/599/800/600',"19),"
(600,'Skyvu','Horizontal motivating model','https://picsum.photos/seed/600/800/600',"20),"
(601,'Skibox','Polarised full-range Graphical User Interface','https://picsum.photos/seed/601/800/600',"1),"
(602,'Edgewire','Synergized non-volatile structure','https://picsum.photos/seed/602/800/600',"2),"
(603,'Twitterbeat','Reverse-engineered radical attitude','https://picsum.photos/seed/603/800/600',"3),"
(604,'Ainyx','Public-key multi-state throughput','https://picsum.photos/seed/604/800/600',"4),"
(605,'Eidel','Digitized client-driven contingency','https://picsum.photos/seed/605/800/600',"5),"
(606,'Browseblab','Right-sized optimal access','https://picsum.photos/seed/606/800/600',"6),"
(607,'Devpulse','Persistent leading edge orchestration','https://picsum.photos/seed/607/800/600',"7),"
(608,'Tagopia','Function-based multi-tasking archive','https://picsum.photos/seed/608/800/600',"8),"
(609,'Wikizz','Stand-alone coherent access','https://picsum.photos/seed/609/800/600',"9),"
(610,'Camimbo','Reduced national secured line','https://picsum.photos/seed/610/800/600',"10),"
(611,'Vitz','Front-line non-volatile framework','https://picsum.photos/seed/611/800/600',"11),"
(612,'Bluejam','Open-architected upward-trending knowledge base','https://picsum.photos/seed/612/800/600',"12),"
(613,'Dablist','Quality-focused radical policy','https://picsum.photos/seed/613/800/600',"13),"
(614,'Miboo','Mandatory exuding support','https://picsum.photos/seed/614/800/600',"14),"
(615,'Dabshots','Synchronised client-driven software','https://picsum.photos/seed/615/800/600',"15),"
(616,'Einti','Networked intermediate orchestration','https://picsum.photos/seed/616/800/600',"16),"
(617,'Kwimbee','Vision-oriented executive extranet','https://picsum.photos/seed/617/800/600',"17),"
(618,'Oloo','Open-source zero defect complexity','https://picsum.photos/seed/618/800/600',"18),"
(619,'Bubbletube','Object-based reciprocal product','https://picsum.photos/seed/619/800/600',"19),"
(620,'Skilith','Managed directional frame','https://picsum.photos/seed/620/800/600',"20),"
(621,'Oyonder','Reverse-engineered neutral protocol','https://picsum.photos/seed/621/800/600',"1),"
(622,'Geba','Multi-tiered hybrid framework','https://picsum.photos/seed/622/800/600',"2),"
(623,'Trupe','Profound optimal synergy','https://picsum.photos/seed/623/800/600',"3),"
(624,'Digitube','Distributed zero defect pricing structure','https://picsum.photos/seed/624/800/600',"4),"
(625,'Riffpedia','Multi-channelled systemic capacity','https://picsum.photos/seed/625/800/600',"5),"
(626,'Gabtype','Team-oriented upward-trending hub','https://picsum.photos/seed/626/800/600',"6),"
(627,'Wikido','Intuitive analyzing parallelism','https://picsum.photos/seed/627/800/600',"7),"
(628,'Zoomdog','Programmable system-worthy strategy','https://picsum.photos/seed/628/800/600',"8),"
(629,'Mydeo','Multi-lateral object-oriented matrices','https://picsum.photos/seed/629/800/600',"9),"
(630,'Linkbuzz','Integrated 6th generation array','https://picsum.photos/seed/630/800/600',"10),"
(631,'Centimia','Centralized composite focus group','https://picsum.photos/seed/631/800/600',"11),"
(632,'Miboo','Polarised needs-based adapter','https://picsum.photos/seed/632/800/600',"12),"
(633,'Agimba','Self-enabling discrete application','https://picsum.photos/seed/633/800/600',"13),"
(634,'Realcube','Focused bifurcated ability','https://picsum.photos/seed/634/800/600',"14),"
(635,'Thoughtsphere','Polarised content-based leverage','https://picsum.photos/seed/635/800/600',"15),"
(636,'Jaloo','Multi-layered multi-state productivity','https://picsum.photos/seed/636/800/600',"16),"
(637,'Thoughtworks','Re-engineered stable intranet','https://picsum.photos/seed/637/800/600',"17),"
(638,'Gabtune','Re-contextualized multimedia migration','https://picsum.photos/seed/638/800/600',"18),"
(639,'Yadel','Re-engineered 6th generation workforce','https://picsum.photos/seed/639/800/600',"19),"
(640,'Thoughtblab','Switchable national protocol','https://picsum.photos/seed/640/800/600',"20),"
(641,'Photobug','Horizontal didactic hub','https://picsum.photos/seed/641/800/600',"1),"
(642,'Kanoodle','Versatile radical policy','https://picsum.photos/seed/642/800/600',"2),"
(643,'Flipopia','Future-proofed value-added circuit','https://picsum.photos/seed/643/800/600',"3),"
(644,'Livetube','Focused 24/7 analyzer','https://picsum.photos/seed/644/800/600',"4),"
(645,'Fivechat','Innovative systemic system engine','https://picsum.photos/seed/645/800/600',"5),"
(646,'Livetube','Future-proofed neutral extranet','https://picsum.photos/seed/646/800/600',"6),"
(647,'Twitterlist','Secured hybrid info-mediaries','https://picsum.photos/seed/647/800/600',"7),"
(648,'Wordpedia','Quality-focused disintermediate parallelism','https://picsum.photos/seed/648/800/600',"8),"
(649,'Wordify','Quality-focused executive attitude','https://picsum.photos/seed/649/800/600',"9),"
(650,'Yotz','Digitized multi-tasking installation','https://picsum.photos/seed/650/800/600',"10),"
(651,'Yakijo','Seamless multimedia capability','https://picsum.photos/seed/651/800/600',"11),"
(652,'Dablist','Diverse logistical complexity','https://picsum.photos/seed/652/800/600',"12),"
(653,'Meemm','Visionary interactive system engine','https://picsum.photos/seed/653/800/600',"13),"
(654,'Katz','Progressive hybrid instruction set','https://picsum.photos/seed/654/800/600',"14),"
(655,'Lajo','User-friendly homogeneous hub','https://picsum.photos/seed/655/800/600',"15),"
(656,'JumpXS','Sharable reciprocal artificial intelligence','https://picsum.photos/seed/656/800/600',"16),"
(657,'Ainyx','Sharable fresh-thinking workforce','https://picsum.photos/seed/657/800/600',"17),"
(658,'Digitube','Compatible optimal database','https://picsum.photos/seed/658/800/600',"18),"
(659,'Aivee','Robust cohesive superstructure','https://picsum.photos/seed/659/800/600',"19),"
(660,'Browsecat','Distributed 24/7 utilisation','https://picsum.photos/seed/660/800/600',"20),"
(661,'Shuffletag','Face to face interactive access','https://picsum.photos/seed/661/800/600',"1),"
(662,'Brainbox','Triple-buffered demand-driven standardization','https://picsum.photos/seed/662/800/600',"2),"
(663,'Bubblemix','Mandatory upward-trending synergy','https://picsum.photos/seed/663/800/600',"3),"
(664,'Kayveo','Diverse composite frame','https://picsum.photos/seed/664/800/600',"4),"
(665,'Dablist','Reverse-engineered zero administration pricing structure','https://picsum.photos/seed/665/800/600',"5),"
(666,'Tazzy','Integrated object-oriented intranet','https://picsum.photos/seed/666/800/600',"6),"
(667,'Trilith','Object-based zero tolerance support','https://picsum.photos/seed/667/800/600',"7),"
(668,'Jayo','Down-sized national secured line','https://picsum.photos/seed/668/800/600',"8),"
(669,'Skilith','Optimized web-enabled encryption','https://picsum.photos/seed/669/800/600',"9),"
(670,'Gevee','Extended impactful matrices','https://picsum.photos/seed/670/800/600',"10),"
(671,'Livefish','Exclusive disintermediate methodology','https://picsum.photos/seed/671/800/600',"11),"
(672,'Yabox','Operative 5th generation adapter','https://picsum.photos/seed/672/800/600',"12),"
(673,'Thoughtsphere','Innovative next generation access','https://picsum.photos/seed/673/800/600',"13),"
(674,'Babbleblab','Digitized real-time knowledge base','https://picsum.photos/seed/674/800/600',"14),"
(675,'Jabbersphere','Grass-roots 24 hour interface','https://picsum.photos/seed/675/800/600',"15),"
(676,'Shufflester','Visionary multi-state collaboration','https://picsum.photos/seed/676/800/600',"16),"
(677,'Myworks','Fundamental 3rd generation support','https://picsum.photos/seed/677/800/600',"17),"
(678,'Photofeed','Streamlined tangible initiative','https://picsum.photos/seed/678/800/600',"18),"
(679,'Mydeo','Right-sized 5th generation contingency','https://picsum.photos/seed/679/800/600',"19),"
(680,'Meeveo','Enterprise-wide exuding pricing structure','https://picsum.photos/seed/680/800/600',"20),"
(681,'Flipstorm','Centralized even-keeled hardware','https://picsum.photos/seed/681/800/600',"1),"
(682,'Zoozzy','Public-key bandwidth-monitored internet solution','https://picsum.photos/seed/682/800/600',"2),"
(683,'Wordify','Down-sized eco-centric success','https://picsum.photos/seed/683/800/600',"3),"
(684,'Janyx','Up-sized user-facing service-desk','https://picsum.photos/seed/684/800/600',"4),"
(685,'Wordware','Fully-configurable cohesive internet solution','https://picsum.photos/seed/685/800/600',"5),"
(686,'Skajo','Multi-tiered dedicated model','https://picsum.photos/seed/686/800/600',"6),"
(687,'Thoughtbridge','Ameliorated static interface','https://picsum.photos/seed/687/800/600',"7),"
(688,'Twitterworks','Horizontal real-time standardization','https://picsum.photos/seed/688/800/600',"8),"
(689,'Photojam','Multi-tiered even-keeled moratorium','https://picsum.photos/seed/689/800/600',"9),"
(690,'Podcat','Team-oriented actuating interface','https://picsum.photos/seed/690/800/600',"10),"
(691,'Fivespan','Proactive homogeneous adapter','https://picsum.photos/seed/691/800/600',"11),"
(692,'Livepath','Proactive coherent synergy','https://picsum.photos/seed/692/800/600',"12),"
(693,'Livefish','Object-based 4th generation function','https://picsum.photos/seed/693/800/600',"13),"
(694,'Miboo','Monitored exuding hub','https://picsum.photos/seed/694/800/600',"14),"
(695,'Blogtags','Synchronised explicit definition','https://picsum.photos/seed/695/800/600',"15),"
(696,'Buzzster','Exclusive hybrid hierarchy','https://picsum.photos/seed/696/800/600',"16),"
(697,'Gigashots','Managed responsive orchestration','https://picsum.photos/seed/697/800/600',"17),"
(698,'Quire','Ergonomic systematic alliance','https://picsum.photos/seed/698/800/600',"18),"
(699,'Photobean','User-friendly systematic focus group','https://picsum.photos/seed/699/800/600',"19),"
(700,'Yoveo','User-friendly methodical Graphical User Interface','https://picsum.photos/seed/700/800/600',"20),"
(701,'Jaxworks','Versatile optimal open system','https://picsum.photos/seed/701/800/600',"1),"
(702,'Dabjam','Upgradable maximized secured line','https://picsum.photos/seed/702/800/600',"2),"
(703,'Flipopia','Grass-roots eco-centric open architecture','https://picsum.photos/seed/703/800/600',"3),"
(704,'Photolist','Self-enabling multimedia frame','https://picsum.photos/seed/704/800/600',"4),"
(705,'Pixoboo','Virtual multi-state initiative','https://picsum.photos/seed/705/800/600',"5),"
(706,'Trupe','Down-sized system-worthy methodology','https://picsum.photos/seed/706/800/600',"6),"
(707,'Avamm','Versatile local leverage','https://picsum.photos/seed/707/800/600',"7),"
(708,'Ailane','Innovative needs-based superstructure','https://picsum.photos/seed/708/800/600',"8),"
(709,'Oloo','Optimized reciprocal encryption','https://picsum.photos/seed/709/800/600',"9),"
(710,'Skyvu','Diverse cohesive implementation','https://picsum.photos/seed/710/800/600',"10),"
(711,'Youbridge','Robust background algorithm','https://picsum.photos/seed/711/800/600',"11),"
(712,'Flashpoint','Fundamental attitude-oriented protocol','https://picsum.photos/seed/712/800/600',"12),"
(713,'Mymm','Extended bottom-line task-force','https://picsum.photos/seed/713/800/600',"13),"
(714,'Lajo','Adaptive encompassing capability','https://picsum.photos/seed/714/800/600',"14),"
(715,'Oloo','Team-oriented background initiative','https://picsum.photos/seed/715/800/600',"15),"
(716,'Devshare','Streamlined national application','https://picsum.photos/seed/716/800/600',"16),"
(717,'Pixonyx','Realigned client-driven secured line','https://picsum.photos/seed/717/800/600',"17),"
(718,'Jaxbean','Implemented bi-directional access','https://picsum.photos/seed/718/800/600',"18),"
(719,'Topicblab','Re-engineered analyzing extranet','https://picsum.photos/seed/719/800/600',"19),"
(720,'Skimia','Intuitive homogeneous productivity','https://picsum.photos/seed/720/800/600',"20),"
(721,'Aimbu','Intuitive fault-tolerant monitoring','https://picsum.photos/seed/721/800/600',"1),"
(722,'Npath','Upgradable asymmetric toolset','https://picsum.photos/seed/722/800/600',"2),"
(723,'Oodoo','Multi-tiered contextually-based throughput','https://picsum.photos/seed/723/800/600',"3),"
(724,'Realcube','Digitized human-resource help-desk','https://picsum.photos/seed/724/800/600',"4),"
(725,'Ntag','Fully-configurable user-facing implementation','https://picsum.photos/seed/725/800/600',"5),"
(726,'Ainyx','Robust eco-centric model','https://picsum.photos/seed/726/800/600',"6),"
(727,'Bluejam','Sharable bi-directional implementation','https://picsum.photos/seed/727/800/600',"7),"
(728,'Roomm','Multi-channelled heuristic knowledge user','https://picsum.photos/seed/728/800/600',"8),"
(729,'Skaboo','Fully-configurable zero administration infrastructure','https://picsum.photos/seed/729/800/600',"9),"
(730,'Zoonoodle','Ergonomic even-keeled monitoring','https://picsum.photos/seed/730/800/600',"10),"
(731,'Lajo','User-friendly fresh-thinking toolset','https://picsum.photos/seed/731/800/600',"11),"
(732,'Skibox','Multi-layered client-driven pricing structure','https://picsum.photos/seed/732/800/600',"12),"
(733,'Topiclounge','Progressive holistic project','https://picsum.photos/seed/733/800/600',"13),"
(734,'Twitternation','Operative 24 hour access','https://picsum.photos/seed/734/800/600',"14),"
(735,'Kimia','Profound explicit structure','https://picsum.photos/seed/735/800/600',"15),"
(736,'Thoughtstorm','Expanded disintermediate knowledge base','https://picsum.photos/seed/736/800/600',"16),"
(737,'Gigabox','Automated well-modulated array','https://picsum.photos/seed/737/800/600',"17),"
(738,'Cogibox','Open-source client-driven challenge','https://picsum.photos/seed/738/800/600',"18),"
(739,'Mudo','Cross-platform 5th generation info-mediaries','https://picsum.photos/seed/739/800/600',"19),"
(740,'Devcast','Switchable demand-driven matrix','https://picsum.photos/seed/740/800/600',"20),"
(741,'Browsecat','Persevering cohesive toolset','https://picsum.photos/seed/741/800/600',"1),"
(742,'Twitterworks','Intuitive maximized monitoring','https://picsum.photos/seed/742/800/600',"2),"
(743,'Skyndu','Front-line needs-based concept','https://picsum.photos/seed/743/800/600',"3),"
(744,'Oyoyo','Re-engineered impactful leverage','https://picsum.photos/seed/744/800/600',"4),"
(745,'Youspan','Right-sized real-time strategy','https://picsum.photos/seed/745/800/600',"5),"
(746,'Fatz','Versatile mobile circuit','https://picsum.photos/seed/746/800/600',"6),"
(747,'Voolia','Future-proofed upward-trending success','https://picsum.photos/seed/747/800/600',"7),"
(748,'Skippad','Multi-lateral heuristic synergy','https://picsum.photos/seed/748/800/600',"8),"
(749,'Ntags','Up-sized tangible standardization','https://picsum.photos/seed/749/800/600',"9),"
(750,'Topicblab','Triple-buffered real-time groupware','https://picsum.photos/seed/750/800/600',"10),"
(751,'Linktype','Decentralized bottom-line initiative','https://picsum.photos/seed/751/800/600',"11),"
(752,'Rhynoodle','Robust system-worthy framework','https://picsum.photos/seed/752/800/600',"12),"
(753,'Fivebridge','Profound responsive data-warehouse','https://picsum.photos/seed/753/800/600',"13),"
(754,'Geba','Streamlined attitude-oriented benchmark','https://picsum.photos/seed/754/800/600',"14),"
(755,'Youbridge','Seamless tangible local area network','https://picsum.photos/seed/755/800/600',"15),"
(756,'Yozio','Sharable coherent implementation','https://picsum.photos/seed/756/800/600',"16),"
(757,'Twitterbridge','Organic systematic benchmark','https://picsum.photos/seed/757/800/600',"17),"
(758,'Gabcube','Vision-oriented empowering concept','https://picsum.photos/seed/758/800/600',"18),"
(759,'Flashpoint','Multi-channelled tertiary software','https://picsum.photos/seed/759/800/600',"19),"
(760,'Oyondu','Synchronised background forecast','https://picsum.photos/seed/760/800/600',"20),"
(761,'Zoombox','Inverse fresh-thinking parallelism','https://picsum.photos/seed/761/800/600',"1),"
(762,'Youspan','Versatile dynamic interface','https://picsum.photos/seed/762/800/600',"2),"
(763,'Jabbersphere','Optimized demand-driven data-warehouse','https://picsum.photos/seed/763/800/600',"3),"
(764,'Wordtune','Operative tertiary groupware','https://picsum.photos/seed/764/800/600',"4),"
(765,'Digitube','Innovative well-modulated open system','https://picsum.photos/seed/765/800/600',"5),"
(766,'Jabberstorm','Multi-layered bandwidth-monitored function','https://picsum.photos/seed/766/800/600',"6),"
(767,'Podcat','Total dedicated utilisation','https://picsum.photos/seed/767/800/600',"7),"
(768,'Feednation','Up-sized heuristic algorithm','https://picsum.photos/seed/768/800/600',"8),"
(769,'Kazu','Devolved user-facing artificial intelligence','https://picsum.photos/seed/769/800/600',"9),"
(770,'Wordify','Synchronised fresh-thinking focus group','https://picsum.photos/seed/770/800/600',"10),"
(771,'Gevee','Future-proofed disintermediate benchmark','https://picsum.photos/seed/771/800/600',"11),"
(772,'Camimbo','Right-sized 6th generation migration','https://picsum.photos/seed/772/800/600',"12),"
(773,'Meejo','Ameliorated system-worthy ability','https://picsum.photos/seed/773/800/600',"13),"
(774,'Yakijo','Quality-focused client-driven help-desk','https://picsum.photos/seed/774/800/600',"14),"
(775,'Browsecat','Grass-roots grid-enabled artificial intelligence','https://picsum.photos/seed/775/800/600',"15),"
(776,'Blogpad','Object-based uniform implementation','https://picsum.photos/seed/776/800/600',"16),"
(777,'Fivechat','Profound mission-critical circuit','https://picsum.photos/seed/777/800/600',"17),"
(778,'Zooxo','Profound zero tolerance strategy','https://picsum.photos/seed/778/800/600',"18),"
(779,'Youopia','Function-based 24 hour Graphical User Interface','https://picsum.photos/seed/779/800/600',"19),"
(780,'Gabspot','Innovative non-volatile functionalities','https://picsum.photos/seed/780/800/600',"20),"
(781,'Skinix','Visionary bifurcated architecture','https://picsum.photos/seed/781/800/600',"1),"
(782,'Twitterwire','Extended multimedia infrastructure','https://picsum.photos/seed/782/800/600',"2),"
(783,'Blogtags','Focused maximized success','https://picsum.photos/seed/783/800/600',"3),"
(784,'Leenti','Horizontal multimedia standardization','https://picsum.photos/seed/784/800/600',"4),"
(785,'Zoovu','Down-sized client-server info-mediaries','https://picsum.photos/seed/785/800/600',"5),"
(786,'Skipstorm','Function-based intermediate flexibility','https://picsum.photos/seed/786/800/600',"6),"
(787,'Fatz','Business-focused analyzing service-desk','https://picsum.photos/seed/787/800/600',"7),"
(788,'Flashset','Operative coherent capacity','https://picsum.photos/seed/788/800/600',"8),"
(789,'Tambee','Horizontal coherent moratorium','https://picsum.photos/seed/789/800/600',"9),"
(790,'Topicblab','Persistent even-keeled capacity','https://picsum.photos/seed/790/800/600',"10),"
(791,'Roodel','Future-proofed bandwidth-monitored project','https://picsum.photos/seed/791/800/600',"11),"
(792,'Feedfish','Reduced methodical artificial intelligence','https://picsum.photos/seed/792/800/600',"12),"
(793,'Topicware','Re-engineered neutral protocol','https://picsum.photos/seed/793/800/600',"13),"
(794,'Jaxspan','Fundamental well-modulated approach','https://picsum.photos/seed/794/800/600',"14),"
(795,'Yakidoo','Organic grid-enabled solution','https://picsum.photos/seed/795/800/600',"15),"
(796,'Brainverse','Cloned non-volatile model','https://picsum.photos/seed/796/800/600',"16),"
(797,'Omba','Implemented attitude-oriented moderator','https://picsum.photos/seed/797/800/600',"17),"
(798,'Kwimbee','Persistent even-keeled secured line','https://picsum.photos/seed/798/800/600',"18),"
(799,'Mynte','Persistent dynamic focus group','https://picsum.photos/seed/799/800/600',"19),"
(800,'Teklist','Profit-focused multimedia archive','https://picsum.photos/seed/800/800/600',"20),"
(801,'Youbridge','Balanced 5th generation analyzer','https://picsum.photos/seed/801/800/600',"1),"
(802,'Dynabox','Automated empowering functionalities','https://picsum.photos/seed/802/800/600',"2),"
(803,'Ainyx','Diverse encompassing database','https://picsum.photos/seed/803/800/600',"3),"
(804,'Quinu','Function-based value-added complexity','https://picsum.photos/seed/804/800/600',"4),"
(805,'Zoomlounge','User-friendly next generation moratorium','https://picsum.photos/seed/805/800/600',"5),"
(806,'Abatz','Operative zero tolerance productivity','https://picsum.photos/seed/806/800/600',"6),"
(807,'Flipopia','Monitored intangible policy','https://picsum.photos/seed/807/800/600',"7),"
(808,'Eimbee','Multi-tiered coherent help-desk','https://picsum.photos/seed/808/800/600',"8),"
(809,'Skiba','Public-key next generation service-desk','https://picsum.photos/seed/809/800/600',"9),"
(810,'Flipbug','Fully-configurable interactive application','https://picsum.photos/seed/810/800/600',"10),"
(811,'Oloo','Automated grid-enabled interface','https://picsum.photos/seed/811/800/600',"11),"
(812,'Centimia','User-friendly maximized software','https://picsum.photos/seed/812/800/600',"12),"
(813,'Camido','Fully-configurable client-driven info-mediaries','https://picsum.photos/seed/813/800/600',"13),"
(814,'Zoonder','Monitored leading edge core','https://picsum.photos/seed/814/800/600',"14),"
(815,'Rooxo','Stand-alone well-modulated hierarchy','https://picsum.photos/seed/815/800/600',"15),"
(816,'Eidel','Pre-emptive mobile workforce','https://picsum.photos/seed/816/800/600',"16),"
(817,'Meezzy','Quality-focused reciprocal access','https://picsum.photos/seed/817/800/600',"17),"
(818,'Quaxo','Reactive directional algorithm','https://picsum.photos/seed/818/800/600',"18),"
(819,'Tambee','Persistent uniform complexity','https://picsum.photos/seed/819/800/600',"19),"
(820,'Meemm','Mandatory system-worthy data-warehouse','https://picsum.photos/seed/820/800/600',"20),"
(821,'Nlounge','Multi-channelled logistical superstructure','https://picsum.photos/seed/821/800/600',"1),"
(822,'Jayo','Public-key global monitoring','https://picsum.photos/seed/822/800/600',"2),"
(823,'Mydo','Customizable empowering moderator','https://picsum.photos/seed/823/800/600',"3),"
(824,'Topdrive','Persevering contextually-based encoding','https://picsum.photos/seed/824/800/600',"4),"
(825,'Youbridge','Advanced eco-centric budgetary management','https://picsum.photos/seed/825/800/600',"5),"
(826,'Dazzlesphere','Object-based 5th generation open architecture','https://picsum.photos/seed/826/800/600',"6),"
(827,'Ailane','Reduced non-volatile local area network','https://picsum.photos/seed/827/800/600',"7),"
(828,'Oyoba','Phased systematic hierarchy','https://picsum.photos/seed/828/800/600',"8),"
(829,'Camimbo','Customizable maximized Graphical User Interface','https://picsum.photos/seed/829/800/600',"9),"
(830,'Zooxo','Self-enabling scalable leverage','https://picsum.photos/seed/830/800/600',"10),"
(831,'Vitz','Devolved grid-enabled alliance','https://picsum.photos/seed/831/800/600',"11),"
(832,'Jetwire','Public-key dynamic artificial intelligence','https://picsum.photos/seed/832/800/600',"12),"
(833,'Meejo','Innovative disintermediate projection','https://picsum.photos/seed/833/800/600',"13),"
(834,'Skipfire','Profit-focused optimizing website','https://picsum.photos/seed/834/800/600',"14),"
(835,'Topdrive','Reverse-engineered needs-based workforce','https://picsum.photos/seed/835/800/600',"15),"
(836,'Photojam','Open-architected encompassing customer loyalty','https://picsum.photos/seed/836/800/600',"16),"
(837,'Photobug','Ameliorated methodical forecast','https://picsum.photos/seed/837/800/600',"17),"
(838,'Dynabox','Team-oriented 6th generation focus group','https://picsum.photos/seed/838/800/600',"18),"
(839,'Ainyx','Configurable analyzing project','https://picsum.photos/seed/839/800/600',"19),"
(840,'Janyx','De-engineered multimedia hierarchy','https://picsum.photos/seed/840/800/600',"20),"
(841,'Rooxo','Networked reciprocal definition','https://picsum.photos/seed/841/800/600',"1),"
(842,'Skimia','Programmable explicit moratorium','https://picsum.photos/seed/842/800/600',"2),"
(843,'Quatz','Reverse-engineered tangible help-desk','https://picsum.photos/seed/843/800/600',"3),"
(844,'Mycat','Cross-group transitional middleware','https://picsum.photos/seed/844/800/600',"4),"
(845,'Meemm','Visionary leading edge emulation','https://picsum.photos/seed/845/800/600',"5),"
(846,'Tazzy','Expanded real-time alliance','https://picsum.photos/seed/846/800/600',"6),"
(847,'Divanoodle','Managed global alliance','https://picsum.photos/seed/847/800/600',"7),"
(848,'Yotz','Monitored asynchronous parallelism','https://picsum.photos/seed/848/800/600',"8),"
(849,'Yambee','Synchronised explicit contingency','https://picsum.photos/seed/849/800/600',"9),"
(850,'Blogspan','Sharable value-added info-mediaries','https://picsum.photos/seed/850/800/600',"10),"
(851,'Devbug','Customizable disintermediate methodology','https://picsum.photos/seed/851/800/600',"11),"
(852,'Eabox','Progressive value-added project','https://picsum.photos/seed/852/800/600',"12),"
(853,'Skyble','Streamlined 24/7 function','https://picsum.photos/seed/853/800/600',"13),"
(854,'Oozz','Fundamental impactful system engine','https://picsum.photos/seed/854/800/600',"14),"
(855,'Gigabox','Virtual next generation firmware','https://picsum.photos/seed/855/800/600',"15),"
(856,'Youspan','Visionary asynchronous help-desk','https://picsum.photos/seed/856/800/600',"16),"
(857,'Skynoodle','Seamless static monitoring','https://picsum.photos/seed/857/800/600',"17),"
(858,'Zoomzone','Cross-group uniform approach','https://picsum.photos/seed/858/800/600',"18),"
(859,'Browsedrive','Operative reciprocal collaboration','https://picsum.photos/seed/859/800/600',"19),"
(860,'Voolith','Ameliorated regional hierarchy','https://picsum.photos/seed/860/800/600',"20),"
(861,'Brightbean','Phased explicit capability','https://picsum.photos/seed/861/800/600',"1),"
(862,'Izio','Streamlined uniform Graphic Interface','https://picsum.photos/seed/862/800/600',"2),"
(863,'Gabvine','Visionary neutral adapter','https://picsum.photos/seed/863/800/600',"3),"
(864,'Photobean','Expanded homogeneous conglomeration','https://picsum.photos/seed/864/800/600',"4),"
(865,'Wikizz','Extended contextually-based support','https://picsum.photos/seed/865/800/600',"5),"
(866,'Youtags','Business-focused composite parallelism','https://picsum.photos/seed/866/800/600',"6),"
(867,'Blogpad','Reactive reciprocal architecture','https://picsum.photos/seed/867/800/600',"7),"
(868,'Skynoodle','Stand-alone 5th generation implementation','https://picsum.photos/seed/868/800/600',"8),"
(869,'Quire','Adaptive tertiary application','https://picsum.photos/seed/869/800/600',"9),"
(870,'Teklist','Up-sized human-resource migration','https://picsum.photos/seed/870/800/600',"10),"
(871,'Gigabox','Synergistic intangible protocol','https://picsum.photos/seed/871/800/600',"11),"
(872,'Dynabox','Phased modular paradigm','https://picsum.photos/seed/872/800/600',"12),"
(873,'Demivee','Visionary heuristic flexibility','https://picsum.photos/seed/873/800/600',"13),"
(874,'Eidel','Decentralized next generation moderator','https://picsum.photos/seed/874/800/600',"14),"
(875,'Twitterwire','Seamless systematic conglomeration','https://picsum.photos/seed/875/800/600',"15),"
(876,'Riffwire','Networked needs-based portal','https://picsum.photos/seed/876/800/600',"16),"
(877,'Mybuzz','Configurable maximized complexity','https://picsum.photos/seed/877/800/600',"17),"
(878,'Topicshots','Integrated demand-driven model','https://picsum.photos/seed/878/800/600',"18),"
(879,'Kanoodle','Decentralized bifurcated moratorium','https://picsum.photos/seed/879/800/600',"19),"
(880,'Fivechat','Decentralized foreground algorithm','https://picsum.photos/seed/880/800/600',"20),"
(881,'Linkbridge','Expanded eco-centric leverage','https://picsum.photos/seed/881/800/600',"1),"
(882,'Trudeo','Front-line executive forecast','https://picsum.photos/seed/882/800/600',"2),"
(883,'Oozz','Horizontal hybrid firmware','https://picsum.photos/seed/883/800/600',"3),"
(884,'Kare','Operative neutral time-frame','https://picsum.photos/seed/884/800/600',"4),"
(885,'Realmix','Distributed optimizing extranet','https://picsum.photos/seed/885/800/600',"5),"
(886,'Zoomcast','Focused dynamic middleware','https://picsum.photos/seed/886/800/600',"6),"
(887,'Skivee','Re-engineered empowering neural-net','https://picsum.photos/seed/887/800/600',"7),"
(888,'Zoombeat','Phased encompassing orchestration','https://picsum.photos/seed/888/800/600',"8),"
(889,'Topicware','Public-key neutral migration','https://picsum.photos/seed/889/800/600',"9),"
(890,'Digitube','Centralized didactic protocol','https://picsum.photos/seed/890/800/600',"10),"
(891,'Oyoyo','Devolved incremental access','https://picsum.photos/seed/891/800/600',"11),"
(892,'Devpulse','Operative disintermediate software','https://picsum.photos/seed/892/800/600',"12),"
(893,'Meemm','Down-sized client-server moratorium','https://picsum.photos/seed/893/800/600',"13),"
(894,'Zoombeat','Fundamental intangible data-warehouse','https://picsum.photos/seed/894/800/600',"14),"
(895,'Mynte','Focused intangible help-desk','https://picsum.photos/seed/895/800/600',"15),"
(896,'Lazzy','Down-sized encompassing implementation','https://picsum.photos/seed/896/800/600',"16),"
(897,'Quimba','Compatible mobile synergy','https://picsum.photos/seed/897/800/600',"17),"
(898,'Topdrive','Synchronised 3rd generation success','https://picsum.photos/seed/898/800/600',"18),"
(899,'Topicware','Multi-lateral national Graphical User Interface','https://picsum.photos/seed/899/800/600',"19),"
(900,'Mybuzz','Optimized intangible interface','https://picsum.photos/seed/900/800/600',"20),"
(901,'Skinix','Cloned motivating alliance','https://picsum.photos/seed/901/800/600',"1),"
(902,'Twinte','Automated contextually-based archive','https://picsum.photos/seed/902/800/600',"2),"
(903,'Kayveo','Public-key maximized process improvement','https://picsum.photos/seed/903/800/600',"3),"
(904,'Blogspan','Sharable multi-state complexity','https://picsum.photos/seed/904/800/600',"4),"
(905,'Yotz','Front-line motivating model','https://picsum.photos/seed/905/800/600',"5),"
(906,'Trilith','Programmable methodical archive','https://picsum.photos/seed/906/800/600',"6),"
(907,'Quire','Pre-emptive maximized extranet','https://picsum.photos/seed/907/800/600',"7),"
(908,'Dabfeed','De-engineered disintermediate function','https://picsum.photos/seed/908/800/600',"8),"
(909,'Jaxnation','Persistent demand-driven groupware','https://picsum.photos/seed/909/800/600',"9),"
(910,'Wordify','Switchable tertiary software','https://picsum.photos/seed/910/800/600',"10),"
(911,'Meezzy','Robust 4th generation adapter','https://picsum.photos/seed/911/800/600',"11),"
(912,'Zoonder','Balanced user-facing forecast','https://picsum.photos/seed/912/800/600',"12),"
(913,'Tazz','Implemented uniform circuit','https://picsum.photos/seed/913/800/600',"13),"
(914,'Skiba','Total 3rd generation database','https://picsum.photos/seed/914/800/600',"14),"
(915,'Brightbean','Virtual cohesive support','https://picsum.photos/seed/915/800/600',"15),"
(916,'Miboo','Sharable maximized middleware','https://picsum.photos/seed/916/800/600',"16),"
(917,'Latz','Innovative 3rd generation moratorium','https://picsum.photos/seed/917/800/600',"17),"
(918,'Nlounge','Universal multimedia productivity','https://picsum.photos/seed/918/800/600',"18),"
(919,'Roodel','Function-based zero defect collaboration','https://picsum.photos/seed/919/800/600',"19),"
(920,'Rhynoodle','Advanced hybrid software','https://picsum.photos/seed/920/800/600',"20),"
(921,'Yacero','Reduced grid-enabled benchmark','https://picsum.photos/seed/921/800/600',"1),"
(922,'Skalith','Automated high-level paradigm','https://picsum.photos/seed/922/800/600',"2),"
(923,'Skalith','Persevering explicit leverage','https://picsum.photos/seed/923/800/600',"3),"
(924,'Youspan','Optional 24 hour pricing structure','https://picsum.photos/seed/924/800/600',"4),"
(925,'Realmix','Cross-platform actuating algorithm','https://picsum.photos/seed/925/800/600',"5),"
(926,'Rhycero','Polarised multimedia interface','https://picsum.photos/seed/926/800/600',"6),"
(927,'Eimbee','Organic even-keeled groupware','https://picsum.photos/seed/927/800/600',"7),"
(928,'Abatz','Ameliorated explicit installation','https://picsum.photos/seed/928/800/600',"8),"
(929,'Vidoo','Centralized stable projection','https://picsum.photos/seed/929/800/600',"9),"
(930,'Skimia','Sharable disintermediate complexity','https://picsum.photos/seed/930/800/600',"10),"
(931,'Meetz','Organized incremental migration','https://picsum.photos/seed/931/800/600',"11),"
(932,'Rhyloo','Diverse incremental productivity','https://picsum.photos/seed/932/800/600',"12),"
(933,'Yadel','Vision-oriented leading edge concept','https://picsum.photos/seed/933/800/600',"13),"
(934,'Skidoo','Organized disintermediate open system','https://picsum.photos/seed/934/800/600',"14),"
(935,'Blogpad','Customer-focused systemic benchmark','https://picsum.photos/seed/935/800/600',"15),"
(936,'Innotype','Integrated local service-desk','https://picsum.photos/seed/936/800/600',"16),"
(937,'Jabbersphere','Seamless tertiary definition','https://picsum.photos/seed/937/800/600',"17),"
(938,'Thoughtstorm','Organic zero tolerance data-warehouse','https://picsum.photos/seed/938/800/600',"18),"
(939,'Thoughtworks','Enhanced empowering extranet','https://picsum.photos/seed/939/800/600',"19),"
(940,'Thoughtmix','Reduced value-added emulation','https://picsum.photos/seed/940/800/600',"20),"
(941,'Yambee','User-centric web-enabled benchmark','https://picsum.photos/seed/941/800/600',"1),"
(942,'Devpoint','Decentralized bottom-line access','https://picsum.photos/seed/942/800/600',"2),"
(943,'Latz','Devolved background database','https://picsum.photos/seed/943/800/600',"3),"
(944,'Skinder','Phased 4th generation info-mediaries','https://picsum.photos/seed/944/800/600',"4),"
(945,'Flashpoint','Exclusive fault-tolerant time-frame','https://picsum.photos/seed/945/800/600',"5),"
(946,'Kayveo','Cross-platform reciprocal parallelism','https://picsum.photos/seed/946/800/600',"6),"
(947,'Fivechat','Compatible stable extranet','https://picsum.photos/seed/947/800/600',"7),"
(948,'Viva','Self-enabling encompassing hardware','https://picsum.photos/seed/948/800/600',"8),"
(949,'Jabbersphere','Managed executive budgetary management','https://picsum.photos/seed/949/800/600',"9),"
(950,'Buzzbean','Organized radical Graphic Interface','https://picsum.photos/seed/950/800/600',"10),"
(951,'Agivu','Universal coherent firmware','https://picsum.photos/seed/951/800/600',"11),"
(952,'Eadel','Profound reciprocal attitude','https://picsum.photos/seed/952/800/600',"12),"
(953,'Pixonyx','Diverse real-time policy','https://picsum.photos/seed/953/800/600',"13),"
(954,'Flipbug','Multi-lateral demand-driven software','https://picsum.photos/seed/954/800/600',"14),"
(955,'Skyndu','Secured impactful capability','https://picsum.photos/seed/955/800/600',"15),"
(956,'Jabberstorm','Down-sized 5th generation knowledge base','https://picsum.photos/seed/956/800/600',"16),"
(957,'Leexo','Triple-buffered asymmetric artificial intelligence','https://picsum.photos/seed/957/800/600',"17),"
(958,'Ozu','Implemented motivating middleware','https://picsum.photos/seed/958/800/600',"18),"
(959,'Realcube','Centralized reciprocal architecture','https://picsum.photos/seed/959/800/600',"19),"
(960,'Youspan','Multi-tiered radical data-warehouse','https://picsum.photos/seed/960/800/600',"20),"
(961,'Browsecat','Face to face dynamic superstructure','https://picsum.photos/seed/961/800/600',"1),"
(962,'Zoomdog','Inverse well-modulated instruction set','https://picsum.photos/seed/962/800/600',"2),"
(963,'Browsecat','Down-sized fault-tolerant interface','https://picsum.photos/seed/963/800/600',"3),"
(964,'Blogtag','Total methodical hub','https://picsum.photos/seed/964/800/600',"4),"
(965,'Fivechat','Virtual intangible help-desk','https://picsum.photos/seed/965/800/600',"5),"
(966,'Snaptags','Decentralized real-time instruction set','https://picsum.photos/seed/966/800/600',"6),"
(967,'Dynabox','Self-enabling mobile benchmark','https://picsum.photos/seed/967/800/600',"7),"
(968,'Oba','Managed 24 hour ability','https://picsum.photos/seed/968/800/600',"8),"
(969,'Jetpulse','User-centric value-added concept','https://picsum.photos/seed/969/800/600',"9),"
(970,'Gabcube','Public-key directional infrastructure','https://picsum.photos/seed/970/800/600',"10),"
(971,'Demizz','Programmable needs-based archive','https://picsum.photos/seed/971/800/600',"11),"
(972,'Realbuzz','Switchable static utilisation','https://picsum.photos/seed/972/800/600',"12),"
(973,'Riffwire','Upgradable homogeneous pricing structure','https://picsum.photos/seed/973/800/600',"13),"
(974,'Vinte','Vision-oriented 5th generation parallelism','https://picsum.photos/seed/974/800/600',"14),"
(975,'Yodo','Phased high-level local area network','https://picsum.photos/seed/975/800/600',"15),"
(976,'Flashdog','Inverse web-enabled circuit','https://picsum.photos/seed/976/800/600',"16),"
(977,'Twiyo','Expanded local model','https://picsum.photos/seed/977/800/600',"17),"
(978,'Photofeed','Multi-tiered tertiary pricing structure','https://picsum.photos/seed/978/800/600',"18),"
(979,'Linktype','Versatile composite matrices','https://picsum.photos/seed/979/800/600',"19),"
(980,'Blogtag','Streamlined scalable synergy','https://picsum.photos/seed/980/800/600',"20),"
(981,'Zoonoodle','Re-contextualized systemic encoding','https://picsum.photos/seed/981/800/600',"1),"
(982,'Myworks','Front-line transitional local area network','https://picsum.photos/seed/982/800/600',"2),"
(983,'Muxo','Right-sized tertiary budgetary management','https://picsum.photos/seed/983/800/600',"3),"
(984,'Kayveo','Multi-lateral contextually-based interface','https://picsum.photos/seed/984/800/600',"4),"
(985,'Npath','Innovative didactic task-force','https://picsum.photos/seed/985/800/600',"5),"
(986,'Mydo','Upgradable empowering groupware','https://picsum.photos/seed/986/800/600',"6),"
(987,'Voonte','Pre-emptive radical adapter','https://picsum.photos/seed/987/800/600',"7),"
(988,'Devify','Automated asymmetric benchmark','https://picsum.photos/seed/988/800/600',"8),"
(989,'Photospace','Visionary leading edge forecast','https://picsum.photos/seed/989/800/600',"9),"
(990,'Aivee','Right-sized contextually-based methodology','https://picsum.photos/seed/990/800/600',"10),"
(991,'Kwimbee','Future-proofed methodical website','https://picsum.photos/seed/991/800/600',"11),"
(992,'Mudo','Decentralized explicit adapter','https://picsum.photos/seed/992/800/600',"12),"
(993,'Buzzster','Integrated zero administration portal','https://picsum.photos/seed/993/800/600',"13),"
(994,'Gabtype','Managed explicit functionalities','https://picsum.photos/seed/994/800/600',"14),"
(995,'Lazzy','Expanded zero tolerance firmware','https://picsum.photos/seed/995/800/600',"15),"
(996,'Meevee','Synchronised foreground analyzer','https://picsum.photos/seed/996/800/600',"16),"
(997,'Skimia','Versatile client-driven leverage','https://picsum.photos/seed/997/800/600',"17),"
(998,'Skaboo','Organized secondary application','https://picsum.photos/seed/998/800/600',"18),"
(999,'Babbleset','Pre-emptive even-keeled application','https://picsum.photos/seed/999/800/600',"19),"
(1000,'Lajo','Optimized optimizing functionalities','https://picsum.photos/seed/1000/800/600',"20),"
