userId,name,address,gender,profilePhoto,coverPhoto
1,Jany Wipper,53 Sunbrook Lane,woman,https://randomuser.me/api/portraits/woman/1.jpg,https://picsum.photos/id/1/800/600
2,Wanids McGreay,170 Buhler Street,woman,https://randomuser.me/api/portraits/woman/2.jpg,https://picsum.photos/id/2/800/600
3,Nicky Tupling,7044 Westend Park,woman,https://randomuser.me/api/portraits/woman/3.jpg,https://picsum.photos/id/3/800/600
4,Rupert Lenox,598 Morningstar Trail,woman,https://randomuser.me/api/portraits/woman/4.jpg,https://picsum.photos/id/4/800/600
5,Daryl Leafe,7271 Walton Trail,woman,https://randomuser.me/api/portraits/woman/5.jpg,https://picsum.photos/id/5/800/600
6,Brigid Garbett,10156 Pennsylvania Place,woman,https://randomuser.me/api/portraits/woman/6.jpg,https://picsum.photos/id/6/800/600
7,Mark Gonnel,034 Maryland Lane,woman,https://randomuser.me/api/portraits/woman/7.jpg,https://picsum.photos/id/7/800/600
8,Mozes Eliff,45834 Mcguire Terrace,woman,https://randomuser.me/api/portraits/woman/8.jpg,https://picsum.photos/id/8/800/600
9,Harris Edgson,2 Lakewood Gardens Place,men,https://randomuser.me/api/portraits/men/9.jpg,https://picsum.photos/id/9/800/600
10,Junette Pes,411 Gina Hill,woman,https://randomuser.me/api/portraits/woman/10.jpg,https://picsum.photos/id/10/800/600
11,Charmion Wainman,20862 Clemons Way,men,https://randomuser.me/api/portraits/men/11.jpg,https://picsum.photos/id/11/800/600
12,Muhammad Zamorrano,36 Westridge Trail,men,https://randomuser.me/api/portraits/men/12.jpg,https://picsum.photos/id/12/800/600
13,Andrea Iltchev,45904 Troy Place,woman,https://randomuser.me/api/portraits/woman/13.jpg,https://picsum.photos/id/13/800/600
14,Corinne Emanuele,95 Delaware Parkway,woman,https://randomuser.me/api/portraits/woman/14.jpg,https://picsum.photos/id/14/800/600
15,Fred Brimblecombe,6434 Talmadge Park,men,https://randomuser.me/api/portraits/men/15.jpg,https://picsum.photos/id/15/800/600
16,Mordecai Odgaard,791 South Parkway,woman,https://randomuser.me/api/portraits/woman/16.jpg,https://picsum.photos/id/16/800/600
17,Adoree Wilkowski,2337 Merry Center,woman,https://randomuser.me/api/portraits/woman/17.jpg,https://picsum.photos/id/17/800/600
18,Lorettalorna Priddie,3 Sugar Hill,men,https://randomuser.me/api/portraits/men/18.jpg,https://picsum.photos/id/18/800/600
19,Adolpho McCrudden,8534 Upham Street,men,https://randomuser.me/api/portraits/men/19.jpg,https://picsum.photos/id/19/800/600
20,Christian Hargrave,9426 Karstens Junction,woman,https://randomuser.me/api/portraits/woman/20.jpg,https://picsum.photos/id/20/800/600
21,Gordon Wasmer,0 Brickson Park Junction,woman,https://randomuser.me/api/portraits/woman/21.jpg,https://picsum.photos/id/21/800/600
22,Bryan Jeavons,8320 Duke Park,men,https://randomuser.me/api/portraits/men/22.jpg,https://picsum.photos/id/22/800/600
23,Kerby Harwood,3 Shasta Place,woman,https://randomuser.me/api/portraits/woman/23.jpg,https://picsum.photos/id/23/800/600
24,Andrei Botten,0522 Pierstorff Way,woman,https://randomuser.me/api/portraits/woman/24.jpg,https://picsum.photos/id/24/800/600
25,Mallory Rendall,98423 Dixon Drive,men,https://randomuser.me/api/portraits/men/25.jpg,https://picsum.photos/id/25/800/600
26,Brier Jermin,78 Annamark Place,men,https://randomuser.me/api/portraits/men/26.jpg,https://picsum.photos/id/26/800/600
27,Raphaela Hitschke,66 Chinook Plaza,woman,https://randomuser.me/api/portraits/woman/27.jpg,https://picsum.photos/id/27/800/600
28,Pansy Divisek,9613 Farwell Place,men,https://randomuser.me/api/portraits/men/28.jpg,https://picsum.photos/id/28/800/600
29,Gladys Armfield,22 American Drive,men,https://randomuser.me/api/portraits/men/29.jpg,https://picsum.photos/id/29/800/600
30,Sylvia Standen,192 Darwin Avenue,woman,https://randomuser.me/api/portraits/woman/30.jpg,https://picsum.photos/id/30/800/600
31,Korrie Gray,82036 Mitchell Drive,woman,https://randomuser.me/api/portraits/woman/31.jpg,https://picsum.photos/id/31/800/600
32,Wilburt MacMakin,334 Bluestem Place,woman,https://randomuser.me/api/portraits/woman/32.jpg,https://picsum.photos/id/32/800/600
33,Caria Lozano,7 Sunbrook Way,men,https://randomuser.me/api/portraits/men/33.jpg,https://picsum.photos/id/33/800/600
34,Godfree Morehall,7 Randy Circle,men,https://randomuser.me/api/portraits/men/34.jpg,https://picsum.photos/id/34/800/600
35,Fania Bruneau,0215 Cambridge Circle,men,https://randomuser.me/api/portraits/men/35.jpg,https://picsum.photos/id/35/800/600
36,Harman Hulson,02 Quincy Street,woman,https://randomuser.me/api/portraits/woman/36.jpg,https://picsum.photos/id/36/800/600
37,Willie Pikhno,3951 Mayer Avenue,men,https://randomuser.me/api/portraits/men/37.jpg,https://picsum.photos/id/37/800/600
38,Mariellen Danko,792 Waxwing Lane,woman,https://randomuser.me/api/portraits/woman/38.jpg,https://picsum.photos/id/38/800/600
39,Lauren O'Geaney,3492 Annamark Road,men,https://randomuser.me/api/portraits/men/39.jpg,https://picsum.photos/id/39/800/600
40,Jefferey Melloi,5 Melrose Drive,woman,https://randomuser.me/api/portraits/woman/40.jpg,https://picsum.photos/id/40/800/600
41,Jannelle Avrahamy,133 Old Shore Avenue,men,https://randomuser.me/api/portraits/men/41.jpg,https://picsum.photos/id/41/800/600
42,Loella Gadie,1 Moland Street,woman,https://randomuser.me/api/portraits/woman/42.jpg,https://picsum.photos/id/42/800/600
43,Dewitt Nayshe,2 Bartillon Drive,woman,https://randomuser.me/api/portraits/woman/43.jpg,https://picsum.photos/id/43/800/600
44,Danya Jaeggi,13581 Wayridge Park,men,https://randomuser.me/api/portraits/men/44.jpg,https://picsum.photos/id/44/800/600
45,Caspar Brampton,0475 Lighthouse Bay Crossing,woman,https://randomuser.me/api/portraits/woman/45.jpg,https://picsum.photos/id/45/800/600
46,Ezequiel McCourt,92033 Kensington Crossing,woman,https://randomuser.me/api/portraits/woman/46.jpg,https://picsum.photos/id/46/800/600
47,Nancie Ierland,95 Mallory Drive,woman,https://randomuser.me/api/portraits/woman/47.jpg,https://picsum.photos/id/47/800/600
48,Kaela Ortet,490 Springview Trail,men,https://randomuser.me/api/portraits/men/48.jpg,https://picsum.photos/id/48/800/600
49,Darrin Spurway,6 Ryan Trail,woman,https://randomuser.me/api/portraits/woman/49.jpg,https://picsum.photos/id/49/800/600
50,Obediah Grove,59 Mesta Court,woman,https://randomuser.me/api/portraits/woman/50.jpg,https://picsum.photos/id/50/800/600
51,Hannah Vanyushkin,69 Oxford Park,men,https://randomuser.me/api/portraits/men/51.jpg,https://picsum.photos/id/51/800/600
52,Hewett Pepall,38325 Amoth Junction,woman,https://randomuser.me/api/portraits/woman/52.jpg,https://picsum.photos/id/52/800/600
53,Madella McVeigh,00 Annamark Point,woman,https://randomuser.me/api/portraits/woman/53.jpg,https://picsum.photos/id/53/800/600
54,Lela Schechter,0 Grasskamp Alley,men,https://randomuser.me/api/portraits/men/54.jpg,https://picsum.photos/id/54/800/600
55,Faustine Russi,6394 Talisman Park,men,https://randomuser.me/api/portraits/men/55.jpg,https://picsum.photos/id/55/800/600
56,Abramo Cocklin,95678 Di Loreto Road,men,https://randomuser.me/api/portraits/men/56.jpg,https://picsum.photos/id/56/800/600
57,Elton Tuminelli,2032 Harbort Place,woman,https://randomuser.me/api/portraits/woman/57.jpg,https://picsum.photos/id/57/800/600
58,Philippe Gabites,589 Cherokee Street,woman,https://randomuser.me/api/portraits/woman/58.jpg,https://picsum.photos/id/58/800/600
59,Buffy Kenright,7901 Larry Lane,men,https://randomuser.me/api/portraits/men/59.jpg,https://picsum.photos/id/59/800/600
60,Charil Nicol,00 Marcy Alley,men,https://randomuser.me/api/portraits/men/60.jpg,https://picsum.photos/id/60/800/600
61,Cleavland Meneely,93 Scofield Road,men,https://randomuser.me/api/portraits/men/61.jpg,https://picsum.photos/id/61/800/600
62,Corrinne Cocklie,152 Westerfield Circle,men,https://randomuser.me/api/portraits/men/62.jpg,https://picsum.photos/id/62/800/600
63,Padgett Pelerin,755 Prentice Point,men,https://randomuser.me/api/portraits/men/63.jpg,https://picsum.photos/id/63/800/600
64,Reginald Halloway,03 Daystar Park,woman,https://randomuser.me/api/portraits/woman/64.jpg,https://picsum.photos/id/64/800/600
65,Chantal Arntzen,582 Melvin Center,men,https://randomuser.me/api/portraits/men/65.jpg,https://picsum.photos/id/65/800/600
